SKU,NOMBRE,UBICACION-1,UBICACION-2,UBICACION-3
TC000280,Pelota de Tenis,,,
TC000264,Cable de Telefono 2 Pines,,,
TC000229,Carton Piedra 20x20 Cm,,,
TC000214,Balanza de Cocina - 5 Kg,Ex 21,39,
TC000010,Pelota de Ping Pong,,,
SETML014,Pack de 50 Torulas Nasofaringea- Esteril,,,
setml013,Tubo polipropileno 10 mL fondo conico 16 mm + tapa a presion externa - 100 unid,38,,
SETML012,STARTER KIT para lupa esteresocopica,Ex 14,,
SETML011,STARTER KIT para microscopios,Ex 14,,
SETML010,Sistema de filtración al vacío con núcleo de vidrio - Kitasato 500 mL - 40 - 47 mm,,,
SETML009,Sistema de filtración al vacío S - Kitasato 250 mL - Buchner diam int 54 mm,36,,
SETML008,Sistema de filtración al vacío M - Kitasato 500 mL - Buchner diam int 73 mm,36,,
SETML007,Sistema de filtración al vacío L - Kitasato 1000 mL - Buchner diam int 90 mm,36,,
SETML006,Tubo polipropileno 10 ml fondo conico 16 mm + tapa rosca - 100 unid,Ex 7,38,
SETML005,Tubo polipropileno 10 ml fondo conico 16 mm + tapa a presion interna - 100 unid,Ex 7,38,
SETML004,Tubo Tipo falcon de  de 15 mL sin Faldon - No Esteril  - Pack 50 unidades,Ex 7,38,
SETML003,Aguja de disección recta - Pack 12 unidades,18,,
SETML001,Set de 10 pinzas plásticas desechables - 10 cm,18,,
SETMD001,Diapasón 256 Hz + Martillo,,,
RV000151,SOBRE DE ENVÍO - BOLSA BURBUJA 12X17 CM - 500 UNID,,,
RV000149,Bolso para Microscopio- 30*20*45cm,41,,
RV000148,Cotona o Bata de Laboratorio Hombre - Talla XXL,Ex,29,
RV000127,Delantal o Bata de Laboratorio Mujer - Talla XL,Pasillo Salida,29,
RV000126,Delantal o Bata de Laboratorio Mujer- Talla XS,,,
RV000125,Cotona o Bata de Laboratorio Hombre - Talla Xl,Ex,29,
RV000119,Cotona o Bata de Laboratorio Hombre - Talla L,Ex,29,
RV000118,Cotona o Bata de Laboratorio Hombre - Talla M,Ex,29,
RV000117,Cotona o Bata de Laboratorio Hombre - Talla S,29,,
RV000106,Kit Escolar de Circuitos Electricos,Ex 9,9,
RV000090,Calculadora Cientifica,23,,
RV000071,Soporte de Techo para Proyector,,,
RV000027,Esfingomanometro de Mercurio,Ex 7,,
RV000019,Delantal o Bata de Laboratorio Mujer - Talla L,Ex,29,
RV000018,Delantal o Bata de Laboratorio Mujer - Talla M,Ex,29,
RV000017,Delantal o Bata de Laboratorio Mujer- Talla S,Ex,29,
RV000015,Estetoscopio,Ex 7,5,
RV000006,Autito de Juguete Pequeño,,,
RP0439X3,Alginato de sodio - Solucion 1.5% - 5 litros,,,
RP0281B4,Glicerina - 100 Ml,,,
RP0271F3,Alumbre de Potasio - 200 Gramos,,,
RP0254B1,Tolueno Tecnico - 1 Litro,,,
RP0250F3,Agar Luria Base - 100 Gramos,,,
RP0248D3,Indigo Carmin 1% - 10 Ml,28,,
RP0239B1,Acetona Pura - 1 Litro,30,,
RP0237F5,Yodato de Potasio P.a. - 50 Gramos,28,,
RP0227B1,Hexano Tecnico - 1 Litro,,,
RP0223F4,Silica Gel - 250 Gramos,,,
RP0218B1,Acido Sulfurico 3% - 1 Litro,,,
RP0214T6,Azul de Toluidina 1% - 100 ml,,,
RP0211F1,Hidroxido de Calcio - Tecnico - 1 Kg,,,
RP0202D2,"Safranina 0,50% - Gotero 30 Ml",,,
RP0202B2,"Safranina 0,50% - 500 Ml",,,
RP0200D1,Fucsina Acida 1% - Solucion Alcoholica - Gotero 100 Ml,28,,
RP0188B1,Alcohol Etilico o Etanol 70° - 1 Litro,28,30,
RP0186Z4,Zinc Granallas - 100 Gramos,28,,
RP0185F1,Sulfato de Sodio - 1 Kg,,,
RP0182F4,Sulfato de Magnesio Heptahidratado - 250 Gramos,,,
RP0181F3,Sulfato de Hierro Ii - 250 Gramos,,,
RP0180B1,Amoniaco 28% - 30% - P.A. - 1 Litro,,,
RP0177F6,Fucsina Acida - 25 Gramos,,,
RP0168B1,Silicato Sodico 40/42º Baume - 1 Litro,,,
RP0166D3,Reactivo Anti Ab - 10 Ml,QUÍMICA,,
RP0165D3,Reactivo Anti D - 10 Ml,QUÍMICA,,
RP0164D3,Reactivo Anti B - 10 Ml,QUÍMICA,,
RP0163D3,Reactivo Anti a - 10 Ml,QUÍMICA,,
RP0159Z1,Glicerina Solida (base Jabones) - 1 Kg,28,,
RP0157B1,Silicato Sodico 50/52º Baume - 1 Litro,,,
RP0154F1,Sulfato de Zinc - 1 Kg,,,
RP0153B1,Acido Sulfurico Concentrado - Tecnico - 1 Litro,,,
RP0151B1,Agua Oxigenada 6% (20 volúmenes) - 1 Litro,28,30,
RP0150F4,Violeta de Genciana (Cristal violeta) - 100 Gramos,28,,
RP0149D3,Orceina acetica - 30 mL,,,
RP0147B1,Cloroformo - Tecnico - 1 Litro,,,
RP0145B1,Acido Formico - 1 Litro,,,
RP0142ST,Papel de feniltiourea PTC - 100 Tiras de Papel,28,,
RP0137D4,Aceite de Inmersion - Gotero - 4 Ml,28,,
RP0137D1,Aceite de Inmersion - 100 mL,28,,
RP0136B1,Acetato de Etilo - Tecnico - 1 Litro,,,
RP0135B1,Acido Nitrico 70% - P.a. - 1 Litro,28,,
RP0134F1,Nitrato de Potasio - 1 Kg,,,
RP0130F4,Cromato de Potasio - 100 Gramos,,,
RP0129F4,Agar Nutritivo - 100 Gramos,,,
RP0128F5,Cloruro de Hierro Iii Hexahidratado - P.a. - 50 Gramos,,,
RP0124F4,Acido Ascorbico - 100 Gramos,28,,
RP0120F4,Cloruro de Estroncio Hexahidratado - 100 G,,,
RP0119B1,Acido Nitrico - Tecnico - 1 Litro,,,
RP0118B1,Eter de Petroleo 75-95º - 1 Litro,,,
RP0117X4,Etanol Absoluto - P.a. - 2.5 Litros,,,
RP0116F4,Medio de Cultivo LB (caldo LB)   - 100 GRAMOS,,,
RP0115F4,Yodo Metalico Resublimado (cristales de yodo) - 100 Gramos,,,
RP0114F2,Cloruro de Sodio - Tecnico - 500 Gramos,,,
RP0112F2,Almidon de Maiz - 500 Gramos,,,
RP0111B2,Acido Clorhidrico 6n - 500 Ml,,,
RP0110B2,Acido Sulfurico 2n - 500 Ml,,,
RP0109PE,Pastilla Efervescente,,,
RP0106F2,Acido Borico - 500 Gramos,,,
RP0100D1,Azul de Metileno 1% - Gotero 100 Ml,,,
RP0100B3,Azul de Metileno 1% - 250 Ml,,,
RP0100B1,Azul de Metileno 1% - 1 Litro,,,
RP0096B1,Vaselina Liquida - 1 Litro,30,,
RP0094B3,Yodo en Solucion Alcoholica 2% - 250 Ml,,,
RP0091X3,Agua Pura (osmosis Reversa) - Bidon 5 Litros,10,,
RP0091B1,Agua Pura (osmosis Reversa) - 1 Litro,10,28,
RP0086F5,Yoduro de Potasio - 50 Gramos,,,
RP0086F4,Yoduro de Potasio - 100 Gramos,28,,
RP0086F1,Yoduro de Potasio - 1000 Gramos,,,
RP0083F4,Tiosulfato de Sodio - 100 Gramos,28,,
RP0083F2,Tiosulfato de Sodio - 500 Gramos,,,
RP0083F1,Tiosulfato de Sodio - 1 Kg,,,
RP0080X3,Alcohol Isopropilico - Tecnico - 5 Litros,,,
RP0080B1,Alcohol Isopropilico - Tecnico - 1 Litro,28,,
RP0078MG,Cinta de Magnesio - 1 Metro,,,
RP0077F4,Sulfato de Cobre Pentahidratado - 100 Gramos,,,
RP0077F3,Sulfato de Cobre Pentahidratado - 250 Gramos,,,
RP0077F2,Sulfato de Cobre Pentahidratado - 500 Gramos,,,
RP0076F3,Acido Oxalico - 250 Gramos,,,
RP0075F1,Sulfato de Aluminio - 1 Kg,,,
RP0073F4,Permanganato de Potasio - 100 Gramos,28,,
RP0073F3,Permanganato de Potasio - 250 Gramos,,,
RP0073F2,Permanganato de Potasio - 500 Gramos,,,
RP0071F4,Luminol- 10 gramo,28,,
RP0070F4,Luminol- 1 gramo,28,,
RP0068F7,Nitrato de Plata - 10 Gramos,,,
RP0068F6,Nitrato de Plata - 25 Gramos,28,,
RP0068F5,Nitrato de Plata - 50 Gramos,,,
RP0064F2,Nitrato de Amonio - 500 Gramos,,,
RP0063F2,Lactosa - 500 Gramos,,,
RP0062F5,Limaduras de hierro para experimentos de magnetismo - 50 gramos,28,,
RP0061F2,Hidroxido de Sodio - P.a. - 500 Gramos,,,
RP0060F2,Hidroxido de Sodio en Perlas - 500 Gramos,,,
RP0060F1,Hidroxido de Sodio en Perlas - 1 Kg,,,
RP0059F1,Hidroxido de Potasio - 1 Kg,,,
RP0057F2,Glucosa Monohidrato (dextrosa) - 500 Gramos,,,
RP0056F5,Cloruro de litio anhidro p.a. - 50 gramos,,,
RP0054F6,Fenolftaleina - 25 Gramos,,,
RP0054F4,Fenolftaleina - 100 Gramos,,,
RP0053F4,Dicromato de Potasio - 100 Gramos,28,,
RP0051F2,Cloruro de Sodio - Usp - 500 Gramos,,,
RP0050F2,Cloruro de Potasio Técnico - 500 Gramos,,,
RP0049F2,Cloruro de Magnesio Hexahidrato - 500 Gramos,,,
RP0048F4,Cloruro de Cobre Ii - 100 Gramos,,,
RP0047F4,Cloruro de Cobalto - 100 Gramos,28,,
RP0046F2,Cloruro de Calcio - 500 Gramos,,,
RP0044F4,Cloruro de Bario - 100 Gramos,28,,
Rp0041f1,Carbonato De Sodio - 1 Kg,,,
RP0040F4,Carbonato de Cobre - 100 Gramos,28,,
RP0039Z1,Carbonato de Calcio - 1 Kg,28,,
RP0038F5,Bromuro de Potasio - 50 Gramos,28,,
RP0037F2,Borax - 500 Gramos,,,
RP0037F1,Borax - 1 Kg,,,
RP0036F2,Bicarbonato de Sodio - 500 Gramos,,,
RP0036F1,Bicarbonato de Sodio - 1 Kg,,,
RP0035F2,Azufre - 500 Gramos,,,
RP0034F4,Alginato - 100 Gramos,28,,
RP0033F4,Agar - Agar - 100 Gramos,,,
RP0032F1,Acido Citrico - 1000 Gramos,,,
RP0030F2,Acetato de Sodio - 500 Gramos,,,
RP0029D1,Sudan Iii (solucion Alcoholica) - Gotero 100 Ml,,,
RP0027D2,Lugol - Gotero 30 Ml,,,
RP0027B4,Lugol - 100 Ml,,,
RP0027B2,Lugol - 500 Ml,,,
RP0027B1,Lugol - 1 Litro,,,
RP0026B1,Hidroxido de Sodio 1m - 1 Litro,,,
RP0025B1,"Hidroxido de Sodio 0,1m - 1 Litro",,,
RP0024D2,Fucsina Basica - Gotero 30 Ml,,,
RP0023D1,"Fenolftaleina 1%, Solucion Alcoholica - Gotero 100 Ml",,,
RP0023B3,"Fenolftaleina 1%, Solucion Alcoholica - 250 Ml",,,
RP0023B1,"Fenolftaleina 1%, Solucion Alcoholica - 1 Litro",,,
RP0022B3,Fehling B - 250 Ml,,,
RP0022B2,Fehling B - 500 Ml,,,
RP0022B1,Fehling B - 1 Litro,,,
RP0021B2,Fehling a - 500 Ml,,,
RP0021B1,Fehling a - 1 Litro,,,
RP0019D1,Violeta de Genciana (Cristal Violeta) - Gotero 100 Ml,28,,
RP0017D1,Reactivo de Biuret - Gotero 100 Ml,28,,
RP0017B3,Reactivo de Biuret - 250 Ml,,,
RP0017B1,Reactivo de Biuret - 1 L,,,
RP0016D1,Reactivo de Benedict - Gotero 100 Ml,28,,
RP0016B3,Reactivo de Benedict - 250 Ml,,,
RP0016B2,Reactivo de Benedict - 500 Ml,,,
RP0016B1,Reactivo de Benedict - 1 Litro,,,
RP0015D1,Azul de Bromotimol 1% - Gotero 100 Ml,,,
RP0015B1,Acido Sulfurico Concentrado 95-98% - P.a. - 1 Litro,,,
RP0014D1,"Anaranjado de Metilo 0,10% - Gotero 100 Ml",,,
RP0014B1,Metanol o Alcohol Metilico - 1 Litro,28,30,
RP0013B1,Acetona - Tecnico - 1 Litro,28,30,
RP0012B1,Acido Clorhidrico 1M - 1 Litro,,,
RP0011D1,Nitrato de Plata 0.1m - Gotero 100 Ml,,,
RP0010B1,Formalina o Formaldehido 37% - 1 Litro,,,
RP0009B1,Amoniaco 25% - Tecnico - 1 Litro,,,
RP0008B1,Alcohol de Quemar - 1 Litro,28,30,
RP0007B3,Alcohol Etilico o Etanol 95° - 250 Ml,28,30,
RP0007B1,Alcohol Etilico o Etanol 95° - 1 Litro (desnaturalizado),28,30,
RP0006B1,Agua Oxigenada 9% (30 Volumenes) - 1 Litro,28,30,
RP0005B1,Agua Oxigenada 3% (10 volúmenes) - 1 Litro,28,30,
RP0004B1,Acido Clorhidrico Concentrado 37% P.a - 1 Litro,,,
RP0003B1,Glicerina - 1 Litro,28,30,
RP0002P1,Set de 10 Depósito o Reservorio de Reactivo para Pipeteo,,,
RP0002B1,Acido Acetico 99% - 1 Litro,,,
RP0001PH,"Set de soluciones de calibración 4, 7, 10 - 20 mL",,,
RP0001P1,Set de 50 Depósito o Reservorio de Reactivo para Pipeteo,,,
RP0001B1,Acido Acetico 90% - Tecnico - 1 Litro,,,
PP0255MT,Motor 6v Chico,,,
PP0233PT,Potenciometro Rotatorio B1k,,,
PP0229TF,"Ducto de Aluminio Flexible 6"" X 2 Mts",,,
PP0172LV,Lavadero Simple - Copero con Caldo de 4.3 Cm de Diam. Lado Derecho,,,
PP0165LV,Desagüe lavabo circular,,,
PP0093LD,Led 5mm Verde,,,
PP0091RE,Resistencia 100 Kohm 1/2w,,,
PP0069TR,Transformador 3-12v 1200a,,,
PP0049TE,Tapa Externa Plastica para Tubo Fondo Conico de 10 Ml,,,
PP0048TR,Tapa Rosca Plastica para Tubo Fondo Conico de 10 Ml,,,
PP0047TI,Tapa Interna Plastica para Tubo Fondo Conico de 10 Ml,,,
PP0024PC,Porta Celular BQ,,,
PP0003TA,Riel Telescopico 450 Mm Zinc,,,
PKEL0004,Set de 10 LED de testeo de conductividad para armar,,,
PKEL0003,Cable Dupont Macho Caimán (pack de 10 cables),,,
PKEL0002,Cable Dupont macho macho 20 cm - Pack 40 unidades,,,
PKEL0001,Mini protoboard 170 puntos,,,
PK00118B,Tarjetas Juego Homeostasis - Cuerpo,,,
PK00118A,Tarjetas Juego Homeostasis - Hipotalamo,,,
PK000600,Materiales de ciencia EXPERIMENTA,,,
PK000538,Esterilización,,,
PK000535,Archivador blanco 2 anillos tamaño carta,,,
PK000532,Cinta de teflon para griferia,,,
PK000528,HERMETICO VIDRIO CUAD 520ML T/BROCHES,,,
PK000527,HERMETICO VIDRIO CUAD 320ML T/BROCHES,,,
PK000526,CUCHARA MEDIDA 6 PCS,,,
PK000524,Toalla de Alcohol 70º - Pack de 100 unidades,,,
PK000457,Bolsa Genero Impresa- 37x45 cm - Kit de Astronomia,,,
PK000438,"Plumón de pizarra negro con borrador en la tapa (largo 11,5 cm x ancho 1,4 cm)",,,
PK000419,Gradilla Interno Minikit Adn,,,
PK000418,Gradilla Interna Minikit Gomiperlas,,,
PK000416,Gradilla Interna Minikit Vitc,,,
PK000328,Bolsa con Lentejuelas,,,
PK000326,Guantes de Nitrilo Talla S - 4 unidades - SuscribScience®,,,
PK000325,Set de Escarchas 3 Colores - SuscribScience®,,,
PK000324,Instructivo Kit Jan Tamaño Carta 4/4 Colores en Papel Couche 130 gr Plisado en Cruz,,,
PK000323,Insytructivo Kit Ritter Tamaño Carta 4/4 Colores en Papel Couche 130 gr Plisado en Cruz,,,
PK000322,Instructivo Kit Raoult Tamaño Carta 4/4 Colores en Papel Couche 130 gr Plisado en Cruz,,,
PK000321,Instructivo Kit Boyle Tamaño Carta 4/4 Colores en Papel Couche 130 gr Plisado en Cruz,,,
PK000320,Instructivo Kit Agnes Tamaño Carta 4/4 Colores en Papel Couche 130 gr Plisado en Cruz,,,
PK000319,Instructivo Kit Sorensen Tamaño Carta 4/4 Colores en Papel Couche 130 gr Plisado en Cruz,,,
PK000318,Instructivo Kit Marjorie Tamaño Carta 4/4 Colores en Papel Couche 130 gr Plisado en Cruz,,,
PK000317,Instructivo Kit Elsie Tamaño Carta 4/4 Colores en Papel Couche 130 gr Plisado en Cruz,,,
PK000316,Instructivo Kit Newton Tamaño Carta 4/4 Colores en Papel Couche 130 gr Plisado en Cruz,,,
PK000315,Instructivo Kit Glauber Tamaño Carta 4/4 Colores en Papel Couche 130 gr Plisado en Cruz,,,
PK000314,Instructivo Kit Elizabeth Tamaño Carta 4/4 Colores en Papel Couche 130 gr Plisado en Cruz,,,
PK000313,Instructivo Kit Arquímides Tamaño Carta 4/4 Colores en Papel Couche 130 gr Plisado en Cruz,,,
PK000312,Instructivo Laboratorio Portatil Tamaño Media Carta 4/4 Color en Papel Couche 130 gr,,,
PK000308,Paleta de madera 150x18 mm,,,
PK000306,Torula Esteril Individual - Kit TDM Nasofaringea,,,
PK000304,Resorte Acero Inox 0.7 Ext - 8.4 Largo - Cuerpo 39cm mas Orejas,,,
PK000303,Resorte Acero Inox 0.7 Ext - 9.4 Largo - Cuerpo 46cm mas Orejas,,,
PK000301,Faja Impresa para Kit de Dinamica para Experiencias de Colisiones Empirica,,,
PK000300,Faja Impresa para Kit de Dinamica con Plano Inclinado Empirica,,,
PK000298,Faja Impresa para Kit de Microbiologia Avanzada Empirica,,,
PK000297,Faja Impresa para Kit de Fuerza Empirica,,,
PK000288,Instructivo Clone At Home Español,,,
PK000285,Instructivo Quimikadabra,,,
PK000284,Instructivo Gomiperlas,,,
PK000282,Caja Minikit Vitc,,,
PK000281,Caja Minikit Quimikadabra,,,
PK000280,Caja Minikit Gomiperlas,,,
PK000279,Caja Minikit Adn,,,
PK000278,"Tubo Autoclavable con Faldon y/o - Ring de 1,5 a 2 Ml- Cónico",,,
PK000274,Termometro Digital Adhesivo - 34 a 50°c,1,,
PK000273,Pote Plastico Celda Kit de Cobre,,,
PK000265,Esfingomanometro con Estetoscopio,,,
PK000245,Bloque de Madera para Experiencias de Dinamica,,,
PK000243,Guia Metodologica Kit de Dinamica con Plano Inclinado,,,
PK000238,Guia Metodologica Kit de Fuerzas,,,
PK000232,Guia Metodologica Kit de Experiencias en Microbiologia,,,
PK000230,Guia Metodologica Kit Oxido Reduccion,,,
PK000229,Lamina Fotocopiable Desafio Codigo Morse,,,
PK000228,Set de 25 Tarjetas Jenga de las enfermedades,,,
PK000227,Set de 36 Tarjetas Sexualidad y autocuidado,,,
PK000226,Paquete de Pinzas de Madera para Ropa - 24 unidades,,,
PK000224,Lamina Serie Triboelectrica - Tamaño Carta,,,
PK000222,Lamina Ciclo de las rocas,,,
PK000221,Crayones de Colores - Caja 12 Un,,,
PK000220,Auto a Pilas,,,
PK000219,Auto a Cuerda,,,
PK000208,Lamina Las 4 etapas de la mitosis - Tamaño Carta,,,
PK000203,Alambre Esmaltado Awg 12 en Rollo - 2 Metros,,,
PK000202,Alambre Esmaltado Awg 18 en Rollo - 2 Metros,,,
PK000201,Alambre Esmaltado Awg 28 en Rollo - 2 Metros,,,
PK000199,Set de 8 Laminas de Materiales de Actividad Gomiperlas,,,
PK000192,"Set de 20 Cartas ""Etapas de Desarrollo de Seres Vivos""",,,
PK000190,"Alambre de Nicrom 0,5 Mm - 2 Metros",,,
PK000189,Set de 14 Laminas Etapas Del Desarrollo Humano,,,
PK000188,Peluche Pequeño,,,
PK000181,set de 5 Objetos para Kit de Sensaciones,,,
PK000179,Caja Bordes Redondeados 20x20x30 Cm (kit Sensaciones),,,
PK000178,Paño de Bandera Impreso en Papel Couche,,,
PK000175,Guia de 7 Experiencias Cientificas de Maleta de Calor,,,
PK000174,Guia de 11 Experiencias Cientificas de Maleta de Calor,,,
PK000173,"Cañeria de Cobre 3/4"" - 20 Cm",,,
PK000170,Set de Laminas de Busqueda Del Tesoro,,,
PK000169,Lamina de Desayuno - Tamaño Carta,,,
PK000161,Nitrocelulosa - 10 X 10 Cm,,,
PK000160,Disco Metalico - 19 mm Diametro,,,
PK000147,Set de 10 Laminas Fotocopiables Movimientos Humanos,,,
PK000143,Set de 3 Lamina Cadena Alimentaria Tamaño Carta,,,
PK000136,Set de 4 Laminas de Instrumentos de Medicion,,,
PK000135,Set de 3 Laminas de Microorganismos,,,
PK000127,Circulos Cintillos Cadena Trofica (set 45 Unid),,,
PK000117,Vinilo Armario de Fisica,,,
PK000116,Vinilo Armario de Biologia,,,
PK000115,Vinilo Armario de Quimica,,,
PK000114,Vinilo Armario de Ciencias,,,
PK000108,Resistencias 4.7 - 5.1 Kohm,,,
PK000107,Resistencias 20 - 30 Kohm,,,
PK000106,Condensador 4700uf 25v - Kit Electricidad,,,
PK000105,Condensador 1000uf 25v - Kit Electricidad,,,
PK000103,Lamina Homunculo Sensitivo,,,
PK000102,Juego Dinamica de Poblaciones - Tarjetas de Factores,,,
PK000101,Juego Dinamica de Poblaciones - Tablero,,,
PK000100,Juego Dinamica de Poblaciones - Set 4 Fichas,,,
PK000095,Lamina Corte Histologico de Testitulo y Ovario,,,
PK000081,anillo de conductividad,9,,
PK000079,Circuito Integrado - Kit Electricidad,,,
PK000078,Condensador 100uf 25v - Kit Electricidad,,,
PK000059,Bola de Billar,,,
PK000054,Laminas Placa Conductora -2,,,
PK000053,Lamina Nadador,,,
PK000052,Lamina Comida Saludable Vs Comida Chatarra,,,
PK000051,Lamina Fotocopiable Construyendo Una Red Trofica,,,
PK000050,Tarjetas Codigos de Colores de Resistores,,,
PK000049,Lamina Fotocopiable de Disco de Newton,,,
PK000048,Lamina Bailarina,,,
PK000043,Papel Metalico (30 Cuadrados de 5x5 Cm),,,
PK000042,Clips Plasticos (caja),,,
PK000040,Regla Plastica 20 Cm,,,
PK000039,Exprimidor de Jugos,,,
PK000038,Pala Plastica Pequeña,,,
PK000036,Titere de Dedo,,,
PK000034,Cotonito (paquete 200 Unidades),,,
PK000017,Palito Revolvedor,,,
P8111S,NEB	Thermolabile Proteinase K,,,
NS1020-T,"0.5 mL Fluorescence Detection Tubes, pack of 250- Benchmark",,,
NC000252,Anemometro Digital Basico,23,,
NC000221,Guia Metodologica Kit de Dinamica para Experiencias de Colisiones,,,
NC000104,Condensador de Repuesto de Destilador,,,
NC000003,Espectroscopio de Mano,,,
MP000245,Limpiapipa,,,
MP000212,Pendulo - 12 Mm Diametro,,,
MP000210,"Polar Amarillo para Set de Textura - 4,5 x 5,7 cm",,,
MP000209,"Carton Corrugado para Set de Textura - 4,5 x 5,7 cm",,,
MP000207,Aluminio en Lamina - 20 X 30 CM,,,
MP000206,Cobre en Lamina - 20 X 30 Cm,,,
MP000205,"Set de Colorantes (azul, Amarillo, Rojo)",14,,
MP000202,Iman de Neodimio 6x1 Mm,1,,
MP000195,Bolas de Acero - 5 Mm,,,
MP000194,Resorte de Extension de Acero 75 Mm,,,
MP000193,Resorte de Extension de Acero 225 Mm,,,
MP000192,Resorte de Extension de Acero 150 Mm,,,
MP000191,Resorte de Extension de Acero 100 Mm,,,
MP000188,Iman de Neodimio Rectangular - 5x9x13mm / 4000 Gauss,1,,
MP000187,Esencia para Jabones - 15 Ml,,,
MP000186,Colorante para Jabones - 20 Ml,,,
MP000185,Prensa C de 3 Pulgadas,,,
MP000184,Papel Lija Al Agua N° 400 - 1 Un,,,
MP000183,Termómetro Digital,,,
MP000180,"Ampolleta 4,8v + Socket",,,
MP000172,Bandeja o Caja Plastica Mediana,,,
MP000170,Jarro Plastico - 450 Ml,12,31,
MP000167,Iman de Neodimio (n38) Disco - 12 X 3 Mm - 2.670 Gauss Aprox.,1,,
MP000166,Iman de Neodimio (n35) Cilindrico - 3 X 12 Mm - 3.820 Gauss Aprox,1,,
MP000165,Iman de Neodimio (n35) Cilindrico - 5 X 11 Mm - 4.490 Gauss Aprox.,1,,
MP000164,Iman de Neodimio (n35) Disco - 5 X 2 Mm - 2.660 Gauss Aprox.,1,,
MP000162,Carpeta Fuelle Oficio,,,
MP000161,Velas Largas - 4 Un,,,
MP000160,Alambre Esmaltado Awg 12 en Rollo - 200 Gramos,,,
MP000159,Alambre Esmaltado Awg 18 en Rollo - 200 Gramos,,,
MP000158,"Alambre de Nicrom 0,5 Mm - 10 Metros",,,
MP000156,Aceite Vegetal - 900 Ml,,,
MP000154,Cable Macho - Hembra para Protoboard - Set 40 Unid,,,
MP000153,Cable Macho - Macho para Protoboard - Set 40 Unid,,,
MP000152,Iman Ceramico de Disco - 19 X 6 Mm,1,,
MP000142,Rollo Toalla de Papel - 12 Metros,,,
MP000136,Huincha de Medir Metalica - 5 Metros,,,
MP000125,Caja de Alfileres,,,
MP000124,Pliego de Papel Celofan,,,
MP000123,Papel Lija para Metal N°80 - 1 Un,,,
MP000121,Resistencias (50 - 300 Ohm),,,
MP000120,Alambre - 10 Metros,,,
MP000119,Bola de Acero,,,
MP000118,Papel Lija para Madera N°80 - 1 Un,,,
MP000117,Alambre Esmaltado Awg 27 en Rollo - 200 Gramos,,,
MP000116,Paño Amarillo,,,
MP000112,Pendulo - 25 Mm Diametro,,,
MP000111,Bloque de Madera con Gancho,,,
MP000110,Alicate para Pelar Cables,,,
MP000107,Protoboard 270 puntos,,,
MP000106,Varilla de Teflon,,,
MP000105,Cable de Red - 1 Metro,,,
MP000104,Resistencias 1 Kohm,,,
MP000103,Iman de Neodimio de Disco - 18 X 3 Mm,1,,
MP000102,Socket para Bateria 9 Volt,,,
MP000101,Portapilas - 4 Pilas Aa,,,
MP000100,Colador Plastico Pequeño,37,,
MP000100,Colador Plastico Pequeño,37,,
MP000095,Tenedor Plastico Transparente,,,
MP000094,Cuchillo Plastico Transparente,,,
MP000091,Set de 2 hoja impresa para conos de tamaño angular ( blanco y negro ) - Kit de Astronomia,,,
MP000089,Cinta Blanca Transferible - 3m x 24 mm x 40 m,,,
MP000084,Lavalozas - 300 a 500 Ml,,,
MP000082,Binder Clip Negros 25 Mm (caja 12 Unid),,,
MP000080,Tubo de Pvc Naranjo - 20 Cm de Largo - 16 de Diametro,,,
MP000079,Socket Ampolleta 2.5 V,,,
MP000078,Ampolleta 2.2 V,,,
MP000077,Temperas - Caja 12 Colores,,,
MP000075,Mina para Lapiz,,,
MP000074,Papel Picado (sobre de Chaya),,,
MP000073,Pelotitas de Plumavit de Relleno - Bolsa Pequeña,,,
MP000072,Clips Metalicos 50 Mm - 50 Un,,,
MP000071,Aguja para Inflar Balones / Pelotas,,,
MP000070,Bolitas de Vidrio,,,
MP000069,Espejos Cantos Pulidos - 80 X 80 Mm,,,
MP000068,Plasticina Colores - Caja 6 Un,,,
MP000067,Etiquetas 13x45 Cm - 80 por Hoja,,,
MP000066,Portapilas - 2 Pilas Aa,,,
MP000065,Licuadora Minipimer,,,
MP000064,Inciensos (paquete de 10),,,
MP000063,Elasticos - Bolsa 100 Gramos,,,
MP000062,Cola Fria - 120 Gramos,,,
MP000061,Ampolleta Led,,,
MP000060,Cintillo Stretch,,,
MP000059,Bombin para Globos,,,
MP000056,Vinagre (500 Cc),,,
MP000055,Vela pequeña,,,
MP000052,Tiza - Caja 12 Un,,,
MP000050,Terrones de Azucar - Caja 100 Un,,,
MP000049,Tenedor Plastico Blanco,,,
MP000048,Plato Plastico,,,
MP000047,"Pilas 1,5v Aaa",,,
MP000046,"Pilas 1,5v Aa",,,
MP000045,Pelota de Plumavit - 7 Cm,,,
MP000044,Papel Film Plastico,,,
MP000043,Rollo de Papel Aluminio,,,
MP000042,Paños Filtrantes - 22x21 Cm,,,
MP000041,Navecilla para Pesar Mediana,,,
MP000040,Marcador de Color - 12 unidades,,,
MP000038,Lupa Escolar,19,42,
MP000037,Linterna con Dinamo,Ex 9,31,
MP000036,Huincha de Sastre,,,
MP000035,Hilo de Coser,,,
MP000034,Globos - 50 unidades,,,
MP000033,Fuente Plastica Mediana,,,
MP000032,Espuma de Afeitar en Lata,,,
MP000031,Esponjitas de Maquillaje,,,
MP000030,Dados,,,
MP000028,Cuchara Plastica Desechable,,,
MP000027,Cuchara Plastica Reutilizable,,,
MP000025,Cubeteras de Hielo,,,
MP000023,Cordel o Pitilla (rollo),,,
MP000022,Clavo Galvanizado con Zinc,,,
MP000021,Cinta de Enmascarar,,,
MP000020,Cinta Aislante Gris o Ploma,,,
MP000019,Cinta Aisladora,,,
MP000018,Castañuelas o Manos Plapla,,,
MP000014,Bombitas de Agua - 100 unidades,,,
MP000013,Bombilla Recta de Papel,,,
MP000011,Bolsa Plastica 20x30cm - 5mic colores,,,
MP000010,Miniflauta o Armonica,,,
MP000009,Bateria 9v,,,
MP000008,Almohadilla con Tinta,,,
MP000006,Algodon Prensado - 250 Gramos,,,
MP000005,Alambre de Cobre - 1 Metro,,,
MP000004,Silbato,,,
MP000003,Caja Plastica 12 Litros,,,
MP000002,Jarro Graduado - 1 Litro,12,31,
MP000001,Vaso Plastico Reutilizable - 473 Ml,,,
ML001515,"Placa PCR 96 Pocillos 0,2 ml Media Falda (PCR Plate Half skirt)- 50 Unidades",,,
ML001513,"Placa PCR 96 Pocillos 0,1 ml Medio Faldon (PCR Plate Half Skirt con pestaña superior)- 50 Unidades )",,,
ML001488,Punta Esteril con Filtro para Pipeta 1250 ul Libre DNA/RNAsas - 50 Unid,,,
ML001486,Punta Esteril con Filtro 20 ul Libre DNA/RNAsas - 50 Unid,,,
ML001464,Punta Esteril con Filtro para Pipeta 10 ul S Libre DNA/RNAsas - 50 Unid,,,
ML000937,Termometro de Alcohol - 10 a 260°c,1,,
ML000908,Matraz aforado 100 mL - Clase A certificado NS 14/23,,,
ML000907,Recuperador de barra magnética - 30 cm,14,,
ML000905,Balon de fondo plano esmerilado union 24/40 - 250 mL,,,
ML000904,Sistema de destilacion 2 balones 1000 mL 2 refrigerantes rectos uniones 24/49,41,,
ML000903,Sistema de destilacion 2 balones 500 mL 2 refrigerantes rectos uniones 24/49,41,,
ML000902,Sistema de filtracion con nucleo de vidrio 47 mm (matraz 1 litro esmerilado),Ex 11,41,
ML000901,Espátula macro cuchara y plano - Acero inoxidable - 300 mm,15,21,
ML000900,Pinza metalica con recubrimiento de goma para bureta o termometro,,,
ML000899,Pipeta de Transferencia o Pasteur en Envase Individual - ESTÉRIL - 1 mL - 10 Un,2,42,
ML000898,Pipeta de Transferencia o Pasteur en Envase Individual - ESTÉRIL - 3 mL - 10 Un,2,42,
ML000897,Hisopo o escobilla mini cerda de crin 12x12 mm,Ex 10,43,
ML000896,Picnometro calibrado certificado 100 mL - EISCO BT1106CL (Certif individual),5,,
ML000895,Picnometro calibrado certificado 50 mL - EISCO BT1105CL (Certif individual),5,,
ML000894,Picnometro calibrado certificado 25 mL - EISCO BT1104CL (Certif individual),5,,
ML000893,Picnometro calibrado certificado 10 mL - EISCO BT1102CL (Certif individual),5,,
ML000892,Probeta Graduada de Vidrio 1000 mL - Clase A tapon vidrio - Cert lote ISO 4788 EISCO CH0349O,33,38,
ML000891,Probeta Graduada de Vidrio 500 mL - Clase A tapon vidrio - Cert lote ISO 4788 EISCO CH0349N,33,36,38
ML000890,Probeta Graduada de Vidrio 250 mL - Clase A tapon vidrio - Cert lote ISO 4788 EISCO CH0349M,33,38,
ML000889,Probeta Graduada de Vidrio 100 mL - Clase A tapon vidrio - Cert lote ISO 4788 EISCO CH0349L,33,38,
ML000888,Probeta Graduada de Vidrio 50 mL - Clase A tapon vidrio - Cert lote ISO 4788 EISCO CH0349K,33,38,
ML000887,Probeta Graduada de Vidrio 25 mL - Clase A tapon vidrio - Cert lote ISO 4788 EISCO CH0349J,37,,
ML000886,Probeta Graduada de Vidrio 10 mL - Clase A tapon vidrio - Cert lote ISO 4788 EISCO CH0349I,34,37,
ML000885,Papel Indicador de Ph Rango 0- 14 - Caja 100 Un- EISCO,14,,
ML000884,Repuesto Mecha para Mechero de Alcohol- Pack 25 un,24,,
ML000883,Pipeta graduada 2 mL – Clase A - Borosilicato Certif. lote ISO 835 EISCO CH0573B,2,,
ML000882,Pipeta Volumetrica 25 mL simple aforo Clase A Certif lote ISO 648 - EISCO CH0559G,2,,
ML000881,Bureta Schellbach 100 mL Llave PTFE Clase A Certif lote ISO 385 EISCO CH0241F,40,,
ML000880,Bureta Schellbach 50 mL Llave PTFE Clase A Certif lote ISO 385 EISCO CH0241E,40,,
ML000879,Bureta Schellbach 25 mL Llave PTFE Clase A Certif lote ISO 385 EISCO CH0241D,40,,
ML000878,Bureta Schellbach 10 mL Llave PTFE Clase A Certif lote ISO 385 EISCO CH0241D01,33,40,
ML000877,Pipeta graduada 25 mL – Clase A - Borosilicato Certif. lote ISO 835 EISCO CH0573E,2,,
ML000876,Pipeta graduada 10 mL – Clase A - Borosilicato Certif. lote ISO 835 EISCO CH0573D,2,,
ML000875,Pipeta graduada 5 mL – Clase A - Borosilicato Certif. lote ISO 835 EISCO CH0573C,2,,
ML000874,Pipeta graduada 1 mL – Clase A - Borosilicato Certif. lote ISO 835 EISCO CH0573A,2,,
ML000873,Pipeta Volumetrica 100 mL simple aforo Clase A Certif lote ISO 648 - EISCO CH0559I,33,40,
ML000872,Pipeta Volumetrica 50 mL simple aforo Clase A Certif lote ISO 648 - EISCO CH0559H,33,40,
ML000871,Pipeta Volumetrica 10 mL simple aforo Clase A Certif lote ISO 648 - EISCO CH0559D,2,,
ML000870,Pipeta Volumetrica 5 mL simple aforo Clase A Certif lote ISO 648 - EISCO CH0559C,2,,
ML000869,Matraz volumetrico aforado 2000 mL tapon PE - Borosilicato  - Certif lote ISO 1042 EISCO CH0446J,34,,
ML000868,Matraz volumetrico aforado 1000 mL tapon PE - Borosilicato  - Certif lote ISO 1042 EISCO CH0446I,,,
ML000867,Matraz volumetrico aforado 500 mL tapon PE - Borosilicato  - Certif lote ISO 1042 EISCO CH0446H,,,
ML000866,Matraz volumetrico aforado 250 mL tapon PE - Borosilicato  - Certif lote ISO 1042 EISCO CH0446G,34,37,
ML000865,Matraz volumetrico aforado 200 mL tapon PE - Borosilicato  - Certif lote ISO 1042 EISCO CH0446F,,,
ML000864,Matraz volumetrico aforado 100 mL tapon PE - Borosilicato  - Certif lote ISO 1042 EISCO CH0446E,34,,
ML000863,Matraz volumetrico aforado 50 mL tapon PE - Borosilicato  - Certif lote ISO 1042 EISCO CH0446D,34,37,
ML000862,Matraz volumetrico aforado 25 mL tapon PE - Borosilicato  - Certif lote ISO 1042 EISCO CH0446C,34,38,
ML000861,Matraz volumetrico aforado 20 mL tapon PE - Borosilicato  - Certif lote ISO 1042 EISCO CH0446B01,34,37,
ML000860,Matraz volumetrico aforado 10 mL tapon PE - Borosilicato  - Certif lote ISO 1042 EISCO CH0446B,34,37,
ML000859,Matraz volumetrico aforado 5 mL tapon PE - Borosilicato  - Certif lote ISO 1042 EISCO CH0446A,34,38,
ML000858,Pipeta Graduada Clase B- Borosilicato- 50ML,3,,
ML000857,Pipeta Graduada Clase B- Borosilicato- 25ML,3,,
ML000856,Pipeta Graduada Clase B - Borosilicato- 20ML,2,,
ML000854,Pipeta Graduada Clase B- Borosilicato- 5ML,,,
ML000853,Caja contenedora para 100 Preparaciones Histologicas,Ex 14,22,
ML000852,Lentes de Proteccion Cobertura Completa,32,,
ML000851,Gotario de Vidrio con Bulbo de Silicon - 1 Ml,,,
ML000850,Capuchon o Bulbo de Silicon para Gotario Pasteur - 3ml,1,,
ML000849,Sistema de destilación 1000ml - Importación,,,
ML000848,Sistema de destilación 500ml - Importación,,,
ML000847,Taza Vaso Precipitado - 300ML,Ex 22,35,
ML000846,Taza Vaso Precipitado - 250ML,Ex 22,35,
ML000845,Taza Vaso Precipitado - 100ML (Set 4 unidades),Ex 22,35,
ML000843,Probeta Graduada Esmerilada con Tapa - Clase A - 100 Ml,13,,
ML000842,Probeta Graduada - Polipropileno - 2 Litro,33,37,
ML000841,Estacion de Secado para Material de Laboratorio 48 posiciones,Ex 11,,
ML000840,Matraz aforado 1000 mL - Clase A certificado NS 24/29,38,,
ML000838,Matraz aforado 250 mL - Clase A certificado NS 14/23,38,,
ML000835,Matraz aforado 50 mL - Clase A certificado NS 14/23,38,,
ML000834,Matraz aforado 25 mL - Clase A certificado NS 12/21,38,,
ML000832,Pipeta volumetrica o aforada de borosilicato - 50 mL,,,
ML000831,Embudo - Polipropileno - 100Mm,Ex 7,37,
ML000830,Asas Calibradas 10 Microlitros Esteriles - Pack 20 Unidades,14,,
ML000827,Tubo de Vidrio en U-  20cm,32,36,
ML000826,Cubeta de Tinción vertical para 9 portaobjetos,,,
ML000825,Botella Boca Ancha Vidrio Transparente 1 L Tapon Vidrio Esmerilado,21,37,
ML000824,Botella Boca Ancha Vidrio Transparente 500 mL Tapon Vidrio Esmerilado,21,37,
ML000823,Botella Boca Ancha Vidrio Transparente 250 mL Tapon Vidrio Esmerilado,21,37,
ML000822,Botella Boca Ancha Vidrio Transparente 125 mL Tapon Vidrio Esmerilado,21,37,
ML000821,Botella Boca Ancha Vidrio Transparente 60 mL Tapon Vidrio Esmerilado,21,37,
ML000820,Botella Boca Ancha Vidrio Transparente 30 mL Tapon Vidrio Esmerilado,21,,
ML000819,Botella Boca Ancha Vidrio Ambar 1 L Tapon Vidrio Esmerilado,21,37,
ML000818,Botella Boca Ancha Vidrio Ambar 500 mL Tapon Vidrio Esmerilado,21,37,
ML000817,Botella Boca Ancha Vidrio Ambar 250 mL Tapon Vidrio Esmerilado,12,37,
ML000816,Botella Boca Ancha Vidrio Ambar 125 mL Tapon Vidrio Esmerilado,21,,
ML000815,Botella Boca Ancha Vidrio Ambar 60 mL Tapon Vidrio Esmerilado,21,Ex 22,37
ML000814,Botella Boca Ancha Vidrio Ambar 30 mL Tapon Vidrio Esmerilado,21,Ex 22,
ML000813,Termometro de Galileo 10 Bolas - 44 cm,Ex 22,25,
ML000812,Termometro de Galileo 5 Bolas - 22 cm,Ex 22,25,39
ML000811,Pinza de Mohr - 70 mm,18,,
ML000810,Frasco Gotero de Vidrio Ambar con Inserto- 100ml,21,35,
ML000809,Botella Ambar de Vidrio Soda con Tapa- 50 mL,21,33,
ML000808,Juego de Barras magneticas agitadoras,14,,
Ml000807,Set de 26 Placas Petri - Plastico - 60 X 15 Mm (Esteriles),26,,
ml000806,"Campanas de Durham 35*7*0,9mm - Pack de 20 un",,,
ML000804,Tapón de goma Nº 2 - 21x15x26 mm,22,,
ML000803,Tijera mayo - Acero inoxidable,18,,
ML000802,Pinza Kelly - Acero inoxidable,Ex 7,18,
ML000801,Tubo de ensayo 20 x 150 mm × 20,Ex 7,36,
ML000800,Espátula micro doble plano - Acero inoxidable - 220 mm,15,21,
ML000776,Pechera Azul - Pack de 10 unidades,,,
ML000775,Sabanilla Medica - 48 metros - Pack de 02 rollos,2B,,
ML000774,Cubre Calzados - Pack de 100 unidades,41,,
ML000773,Cofias - Pack de 100 unidades,,,
ML000768,Set de 10 Placas Petri - Plastico - 90 X 15 Mm (Esteriles),26,,
ML000766,Tapon de Silicona N° 4 Medida Interna. 20 mm Altura. 24 mm,22,,
ML000765,Embudo de Decantacion con Llave de vidrio - 1 Litro,36,,
ML000763,Set de 10 unidades de Tubo Fondo Cónico con Tapa,,,
ML000762,Tapon de Silicona Monohoradado N°3 Medida Interna 18MM Altura. 24 mm,22,,
ML000761,Tapon de Silicona N° 00 Medida Interna 10 mm Altura. 24 mm,22,,
ML000755,Tapon de Silicona N° 6 Medida Interna 25 mm Altura. 24 mm,22,,
ML000735,Balón de Destilación con Tubo Lateral - 125 ml,37,,
ML000720,Argolla sin Nuez - 80Mm,40,,
ML000719,Propipeta Azul 2 Ml,31,33,
ML000685,Picnómetro calibrado de 250 ml,5,,
ML000684,Extractor Soxhlet con refrigerante de bolas y balon fondo redondo 500 mL union 24/40,,,
ML000683,Unidad de filtración al vacio de vidrio borosilicato - 40 a 47 mm,41,,
ML000682,Tamiz de malla acero nº 200 - 0.075 mm,,,
ML000681,Tamiz de malla acero nº 16 - 1.18 mm,Ex 11,,
ML000680,Tamiz de malla acero nº 12 - 1.70 mm,,,
ML000679,Tamiz de malla acero nº 10 - 2.00 mm,Ex 11,,
ML000678,Tamiz de malla acero nº 8 - 2.36 mm,,,
ML000675,Set de sacabocados para tapón de goma metalico 12 piezas de diferentes medidas,22,36,
ML000674,Tubo thiele vidrio borosilicato (50 o70 ml) y una longitud de 150mm,36,,
ML000669,Tubos capilares de 10 cm de largo sin heparina - 500un,31,,
ML000656,Extractor Soxhlet con refrigerante de bolas y balon fondo redondo 250 mL union 24/40,36,,
ML000648,Guantes de Nitrilo sin Polvo - Caja 100 Un - Talla XL,39,,
ML000641,Pinza plástica desechable - 10 cm,Ex 7,18,
ML000637,Set de Botellas Tapa Azul,21,,
ML000619,Criotubo 1.5 mL con o-ring DNAsa/RNAsa free autoclavable - Biologix - Bolsa 50 unid,Ex 7,42,
ML000618,Termómetro de Galileo 4 Bolas - 17 cm,Ex 22,25,
ML000617,Matraz Erlenmeyer con tapa rosca - Borosilicato - 1 litro,32,38,
ML000616,Matraz Erlenmeyer con Tapa Rosca - Borosilicato - 250 mL,32,38,
ML000615,Matraz Erlenmeyer con tapa rosca - Borosilicato - 500 mL,32,38,
ML000614,TUBO DE VIDRIO A MEDIDA,36,,
ML000612,Tubos Capilares C/Heparina - 100und,31,,
ML000603,Vaso con Lupa Doble,10,,
ML000598,Filter Cup VWR 10040-472,,,
ML000590,Vaso de Precipitado- Borosilicato- 2 Litros,34,35,2B
ML000589,Embudo analítico 55mm CEE,34,36,
ML000587,Matraz aforado con tapa - Clase A - 200 mL,34,38,
ML000586,Matraz aforado con tapa - Clase A - 100 mL,,,
ML000584,Matraz Erlenmeyer angosto graduado 125ml,32,38,
ML000583,Polimorfes - Juego de mesa,Ex 29,,
ML000572,Placa Petri Borosilicato 120x20 mm,4,35,
ML000568,Pipeta monocanal  de 20 - 200 ul - Uso escolar,2,42,
ML000567,Micropipeta Monocanal  de 10 - 100 ul - BIOBASE Uso escolar,2,,
ML000566,Pipeta monocanal de 2- 20 ul - Uso escolar,2,,
ML000564,Sello de Seguridad Plastico Enumerado,,,
ML000560,Crisol de Porcelana - 50 mL,8,35,
ML000559,Botella Ambar de Vidrio Soda con Tapa - 100 mL,21,33,
ML000558,Botella Ambar de Vidrio Soda con Tapa- 1 Litro,21,33,
ML000554,Tiras Reactivas Combina M10,,,
ML000553,Mascarilla KN95- Unidad,,,
ML000548,Guantes de Nitrilo sin Polvo - Caja 100 un - Talla XS,39,,
ML000529,Guantes de Vinilo - Caja de 100 Un - Talla L,,,
ML000528,Guantes Vinilo Sin Polvos talla -M,,,
ML000527,Guante de Vinilo - Talla S,,,
ML000526,"Placa PCR 96 Pocillos 0,1 ml Medio Faldon (PCR Plate Half Skirt)",,,
ML000523,Cubreobjetos 20X20 mm - Uso escolar - Caja 100 Un,17,,
ML000521,Deposito de Reactivos 25 ml (Reservorio),,,
ML000520,Pipeta Serológica Plastica Esteril Individual - 25ml,,,
ML000517,Pack 125 Tiras de Tapas,,,
ML000516,"Placa PCR 96 Pocillos 0,2 ml Sin Falda (PCR Plate No Skirt)",,,
ML000515,"Placa PCR 96 Pocillos 0,2 ml Media Falda (PCR Plate Half skirt)",,,
ML000513,"Placa PCR 96 Pocillos 0,1 ml Medio Faldon (PCR Plate Half Skirt con pestaña superior)",,,
ML000511,Pack de 100 Sellos Termicos Opticos para Placas 105 μm - 80x125 mm,,,
ML000510,Pack de 100 Sellos Termicos Rojos de Aluminio para Placas - 80x125 mm,,,
ML000509,Adaptador de Goma - 9 Piezas,22,,
ML000506,Asa de Inoculacion Metalica de 5 Mm de con Mango,14,,
ML000505,Mechero Portatil,24,,
ML000501,Tubo de microcentrifuga tipo eppendorf - 0.6 mL - 500 unidades,42,,
ML000500,Gradilla Armable Mdf - 12 Tubos 18 Mm,19,,
ML000498,Rack de 96 Puntas Esteriles con Filtro para Pipeta 10 ul XL Libre DNA/RNA,43,,
ML000492,Botella Tapa Azul - Borosilicato - 50 Ml,21,33,
ML000488,Rack de 96 Puntas Esteriles con Filtro para Pipeta 1250 ul Libre DNA/RNA,,,
ML000486,Rack de 96 Puntas Esteriles con Filtro para Pipeta 20 ul Libre DNA/RNA,,,
ML000485,Tapon de Goma con Septum - 18x29x33 Mm,,,
ML000482,Tapón de Goma N° 15 - Bihoradado,,,
ML000481,Tapon de Goma N° 6 - Monohoradado,22,,
ML000480,Estacion de Secado para Material de Laboratorio 32 posiciones,,,
ML000476,Tapon de Goma N°0 para Equipo de Destilacion,22,,
ML000475,Crisol de porcelana - 100 mL,Ex 7,8,
ML000472,"Sistema Destilacion - 500 Ml con Soportes Universales, Pinzas y Matraz Colector",,,
ML000471,Pipeta de Transferencia Esteril en Envase Individual - 3 Ml,42,,
ML000470,Pipeta de Transferencia Esteril en Envase Individual - 1 Ml,42,,
ML000469,Tubo de microcentrifuga tipo Eppendorf - 1.5 mL - 500 Unidades,42,,
ML000468,Mechero Bunsen con Llave - Gas Licuado,24,34,
ML000467,Pipeta de transferencia o Pasteur en Envase Individual - ESTÉRIL - 3 mL - 100 Un,42,,
ML000466,Pipeta de Transferencia o Pasteur en Envase Individual - ESTÉRIL - 1 mL - 100 Un,42,,
ML000465,Caja Cortopunzante Plastica Pequeña 1 Litros,Ex 7,43,
ML000464,Rack de 96 Puntas Esteriles con Filtro para Pipeta 10 ul Libre DNA/RNA,,,
ML000463,Balon Fondo Redondo Esmerilado 24/40 - 250 Ml,27,,
ML000462,Tubo de seguridad fabricación a medida,,,
ML000458,Kitasato de Borosilicato - 500 mL,32,37,
ML000457,Mechero Bunsen con Llave - Gas Licuado,24,34,
ML000456,"Hisopo Individual 14,5 cm de Largo - 100 Unidades",42,,
ML000455,Hisopo o Escobilla - Frasco 100 Ml,Ex 10,43,
ML000454,Termometro de Mercurio - 10 a 150°c,,,
ML000450,Hoja de Bisturi N°11 - Caja 100 Un,18,,
ML000446,Tubo Toma Muestra Desechable con Tapa a Presion - 15x60 Mm,,,
ML000443,Tripode para Mechero bunsen - 26 cm alto X 16 cm,34,40,
ML000442,Argolla sin Nuez - 70 Mm,30,40,
ML000441,Portaobjetos - Franja Esmerilada - Caja 50 Uds,17,36,
ML000440,Vidrio de Reloj - 12 Cm,,,
ML000435,Pipeta Volumétrica de borosilicato - Doble Aforo - 25 Ml,3,33,
ML000434,Pipeta Volumétrica de borosilicato- Doble Aforo - 20 Ml,,,
ML000433,Pipeta Volumétrica de borosilicato -Doble Aforo - 10 Ml,,,
ML000432,Pipeta Volumétrica de borosilicato - Doble Aforo - 5 Ml,3,,
ML000423,Union Macho Hembra Esmerilada 24/40,36,,
ML000421,Matraz Aforado con tapa - Clase A - 2 Litros,38,,
ML000419,Jeringa de Vidrio sin Aguja - 10 Ml,29,,
ML000415,Picnometro Calibrado - 25 Ml,5,,
ML000413,"Navecillas para Pesar 4,1x4,1 Cm - 40 Unidades",21,22,
ML000412,"Navecillas para Pesar 8,9x8,9 Cm - 40 Unidades",22,,
ML000411,Navecillas para Pesar 14x14 Cm - 40 Unidades,22,,
ML000409,Colector de Destilacion Esmerilado 24/29 (np),36,,
ML000408,Hoja de Bisturi N°23 - Caja 100 Un,18,,
ML000407,Aguja de Diseccion Curva,Ex 7,18,
ML000406,Aguja de Diseccion Recta,Ex 7,18,
ML000405,Set de 10 Placas Petri - Plastico - 60 X 15 Mm (Esteriles),26,,
ML000404,Set de 20 Placas Petri - Plastico - 90 X 15 Mm (Esteriles),26,39,
ML000403,Frasco Gotero de Vidrio Ambar con Inserto- 10ml,21,37,
ML000399,Vaso de Precipitado - Borosilicato - 3 Litros,11,34,
ML000398,Balon de Destilacion con Tubo Lateral - 250 Ml,,,
ML000396,Vidrio de Reloj - 5 Cm,22,,
ML000393,Pinza para Termometro con Nuez,40,,
ML000392,Repuesto de Asa de Inoculacion de Nicrom 5 Mm,14,,
ML000391,Pinza Hoffman Acero Inox - 20 Mm,18,,
ML000390,Tripode para Mechero - 23 cm alto x 10 cm diametro,24,34,
ML000389,Probeta Graduada de Borosilicato - Clase A - 10 Ml,13,,
ML000388,Manguera de Silicona 4 X 7 Mm Transparente - 1 Metro,22,,
ML000387,Termometro Digital Escolar con Cable Sensor - 0 a 70°c,23,30,
ML000386,Tubo en y - Plastico,36,,
ML000382,Refrigerante Recto Esmerilado 24/40,27,,
ML000381,Tapon de Goma Nº6 - 33x25x28 mm,22,,
ML000379,Gradilla Plastica P/40 Tubos de Ensayo 18 - 20 Mm,19,39,
ML000378,Codo Colector de Destilacion Esmerilado 24/40,36,,
ML000377,Refrigerante Serpentin Esmerilado 24/40,27,32,
ML000376,Termometro P/equipo de Destilacion con Tapon Oct.-18,32,36,
ML000375,Cabeza Destilacion 3 - Bocas (24/40 - 24/40 - 10/18),32,36,
ML000374,Balon Fondo Redondo Esmerilado 24/40 - 1 Litro,27,,
ML000373,Balon Fondo Redondo Esmerilado 24/40 - 500 Ml,26,,
ML000372,Pipeta Pasteur de Vidrio - 230 Mm,2,,
ML000369,Embudo - Vidrio - 50 Mm,7,,
ML000368,"Papel Filtro Cualitativo 5,5 Cm Diametro W1 - Caja 100 Un",16,,
ML000367,"Papel Filtro 12,5 Cm W42 - Caja 100 Un",16,,
ML000366,"Papel Filtro Cuantitativo 12,5 Cm Diametro W40 - Caja 100 Un",16,,
ML000365,"Papel Filtro Cualitativo 12,5 Cm Diametro W41 - Caja 100 Un",16,,
ML000364,Vidrio de Reloj - 8 Cm,,,
ML000363,Vidrio de Reloj - 9 Cm,,,
ML000359,Hoja de Bisturi N°21 - Caja 100 Un,18,,
ML000358,Embudo - Polipropileno - 66 Mm,Ex 7,7,
ML000357,Gradilla Plastica P/8 Tubos de Ensayo 18 Mm con Secadero,13,39,
ML000355,Propipeta Tubular Roja - 25 Ml,31,33,
ML000354,Barra Agitadora Magnetica Recubierta en Teflon - 10 X 70 Mm,14,,
ML000353,Barra Agitadora Magnetica Recubierta en Teflon - 8 X 50 Mm,14,,
ML000351,Botella Tapa Azul - Borosilicato - 250 Ml,21,33,
ML000350,Probeta Graduada de Borosilicato - Clase A - 25 Ml,13,33,
ML000349NA,Vaso de Precipitado Duran - Borosilicato - Alto - 600 Ml,31,35,
ML000349,Vaso de Precipitado - Borosilicato - 600 Ml,11,34,
ML000347,Asas Calibradas 10 Microlitros Esteriles - Pack 25 Unidades,,,
ML000346,Densimetro - Rango 1.000 a 1.500,19,,
ML000345,Embudo - Vidrio - 150 Mm,32,34,36
ML000345,Embudo - Vidrio - 150 Mm,32,34,36
ML000343,Hoja de Bisturi N°10 - Caja 100 Un,18,,
ML000342,Pipeta Volumétrica o Aforada de borosilicato- 2 Ml,3,,
ML000341,Cucharilla de Combustion,34,,
ML000340,Vaso de Precipitado - Borosilicato - 10 Ml,12,34,
ML000339,Mortero de Porcelana con Pistilo - diam int  110 Mm,Ex 7,37,
ML000337,Sistema de Destilacion 1000 mL Refrigerante Recto Uniones 24/40,2B,,
ML000336,Sistema de Destilacion 500 mL con refrigerante recto uniones 24/40,36,,
ML000334,Vaso de Precipitado - Borosilicato - 25 Ml,12,34,
ML000330,Probeta Graduada de Borosilicato - Clase A - 50 Ml,13,,
ML000329,Probeta Graduada de Borosilicato - Clase A - 500 Ml,13,33,
ML000328,Pipeta Volumetrica o Aforada de borosilicato - 20 Ml,3,,
ML000327,Pipeta Volumétrica o Aforada de borosilicato - 15 Ml,3,,
ML000326,Pipeta Graduada - Borosilicato - 25 Ml,2,,
ML000325,Pipeta Graduada  de Borosilicato- 20 Ml,2,,
ML000324,Parafilm 10 Cm de Ancho - 38 Metros,Ex 7,22,
ML000323,Pinza 3 Dedos sin Nuez,30,40,
ML000321,Manguera de Silicona 8 X 12 Mm Transparente - 1 Metro,22,,
ML000318,Set de Diseccion de 14 Piezas,Ex 7,18,
ML000316,Mortero de Porcelana con Pistilo - 150 Mm,Ex 7,8,37
ML000315,Frasco Gotero de Vidrio Ambar con Inserto - 30 mL,21,37,
ML000314,Tijera de Diseccion Punta Fina Curva,Ex 7,18,
ML000313,Embudo de Decantacion con Llave de Teflon - 1 Litro,32,36,
ML000312,Hoja de Bisturi N°20 - Caja 100 Un,18,,
ML000311,Pinza Doble Bureta Tipo Fisher con Nuez,30,32,
ML000310,Perlas de Ebullición de Vidrio (Diametro 2-3 mm) - 50 gramos,,,
ML000309,Tubo De Ensayo - Borosilicato - 18 X 150 Mm,Ex 7,36,
ML000308,Botella Tapa Azul - Borosilicato - 100 Ml,21,33,
ML000307,Matraz Erlenmeyer Plastico - 250 Ml,31,37,
ML000306,Papel Optico,17,,
ML000305,Gotario de Vidrio Punta Fina sin Graduar,2,,
ML000304,Bulbo Gotarios Latex,,,
ML000301,Base Pequeña de Madera con Ranura para Espejo,,,
ML000299,Kitasato de Borosilicato - 250 mL,32,37,
ML000298,Balon sin Esmerilar Fondo Redondo -250 Ml,27,,
ML000297,Balon Sin Esmerilar Fondo Plano - 250 Ml,,,
ML000296,Botella Polipropileno Autoclavable - 60 mL,31,37,
ML000295,Botella polipropileno autoclavable - 30 mL,31,,
ML000294,Colador de Plastico Grande,,,
ML000291AM,Calorímetro,Ex 9,5,
ML000291,Calorímetro,,,
ML000289,Navecilla para Pesar Grande,,,
ML000288,Navecilla para Pesar Pequeña,,,
ML000286,Caja Armable para Desechar Material Cortopunzante - Grande,Ex 28,29,
ML000285,Caja Armable para Desechar Material Cortopunzante - Mediana,Ex 28,29,
ML000284,Tapon de Goma N° 4 - Monohoradado - 26x19x29 mm,22,,
ML000283,Guantes de Latex sin Polvo - Caja 100 Un - Talla L,39,,
ML000282,Guantes de Latex sin Polvo - Caja 100 Un - Talla M,39,,
ML000281,Guantes de Latex sin Polvo - Caja 100 Un - Talla S,39,,
ML000280,Guantes de Latex sin Polvo - Caja 100 Un - Talla Xs,39,,
ML000279,Pipeta Plastica Esteril Individual - 10 Ml,3,42,
ML000278,Pipeta Plastica Esteril Individual - 5 Ml,2,,
ML000277,Matraz Aforado con Tapa - Clase A - 50 mL,34,,
ML000276,Matraz Aforado con tapa - Clase A - 25 mL,,,
ML000275,Cubreobjetos 24x50 mm - Uso clínico - Caja 100 Un,17,,
ML000272,Tijera de Diseccion,Ex 7,18,
ML000271,Triangulo de Ceramica - 10 Cm,36,,
ML000270,Triangulo de Ceramica - 5 Cm,36,,
ML000269,Argolla sin Nuez - 100 Mm,30,40,
ML000265,Lanceta - Caja 100 Un,15,,
ML000263,Gradillas de Trupan para 12 Tubos de Ensayo,Ex 7,32,43
ML000261,Capsula de Evaporacion Porcelana - 105 Mm Diametro - 170 Ml,,,
ML000260,Tubo de Ensayo de Polipropileno - 16 X 100 Mm,Ex 7,37,38
ML000258,Micropipeta de 20 - 200 Microlitros BIOBASE Uso escolar,2,35,42
ML000255,Pipeta Plastica Esteril Individual - 5 Ml - Caja 50 Un,42,,
ML000254,Pipeta Plastica Esteril Individual - 10 Ml (50 Unidades),42,,
ML000249,Termometro de Alcohol - 10 a 150ºc,,,
ML000246,Pack 50 Cajas de Hojas de Bisturí N°15- 100un c/u,18,,
ML000245NA,Mechero Portatil + Balon Gas Licuado 230 Gramos,,,
ML000245,Mechero Portatil + Balon Gas Certificado Licuado 190 Gramos,40,,
ML000244,Pipeta Graduada de Borosilicato - 2 Ml,3,,
ML000243,Pack 50 Cajas de Hojas de Bisturí N°24- 100un c/u,,,
ML000242,Crisol de Porcelana - 30 Ml,Ex 7,8,
ML000241,Manguera de Goma para Mechero - 75 Cm Certificada,24,,
ML000240,Hisopo o Escobilla para Tubos de Kahn,Ex 10,,
ML000239,Hisopo o Escobilla - Pipeta,Ex 10,43,
ML000238,Probeta Graduada de Borosilicato - Clase A - 250 Ml (base hexaonal),38,,
ML000234,Cabeza Destilacion 3 - Bocas (24/40 - 24/40 - 10/15),36,,
ML000232,Papel Filtro 60 X 60 Cm - Pack 100 Un,41,,
ML000231,Tripode para Mechero - 20 cm alto X 11 cm diametro,,,
ML000230,Gradilla plástica para 90 tubos 13 mm diámetro,Ex 7,19,39
ML000229,"Membrana de filtracion Esteres de celulosa mixta (MCE), diametro 47 mm, poro 0,45 micras",16,,
ML000228,"Membrana de filtracion Esteres de celulosa mixta (MCE), diametro 47 mm, poro 0,22 micras",16,,
ML000227,Probeta Graduada Esmerilada con Tapa - Clase A - 50 Ml,13,,
ML000224,Probeta Graduada Esmerilada con Tapa - Clase A - 250 Ml,13,33,
ML000223,Guantes de Nitrilo sin Polvo - Caja 100 Un - Talla L,39,,
ML000222,Guantes de Nitrilo sin Polvo - Caja 100 Un - Talla S,Ex 7,39,
ML000221,"Membrana de filtracion Nylon 66, diametro 47 mm, poro 0,45 micras",16,,
ML000220,Guantes de Latex con Polvo - Caja 100 Un - Talla L,39,,
ML000219,Guantes de Latex con Polvo - Caja 100 Un - Talla M,39,,
ML000218,Guantes de Latex con Polvo - Caja 100 Un - Talla S,39,,
ML000217,Guantes de Latex con Polvo - Caja 100 Un - Talla Xs,39,,
ML000216,Guantes de Nitrilo sin Polvo - Caja 100 Un - Talla M,39,,
ML000215,Gradilla Armable Mdf - 4 Tubos 18 Mm,43,,
ML000214,Termometro de Mercurio - 10 a 360°c,1,,
ML000213,Mango Porta Asas,,,
ML000209,Espátula plana con mango de madera - Hoja 100 mm,15,21,
ML000207,Hisopo o Escobilla - Tubos de Ensayo Anchos (>20mm),Ex 10,43,
ML000206,Hisopo o Escobilla - Frascos 500 Ml,Ex 10,43,
ML000205,Hisopo o Escobilla - Frascos 250 Ml,Ex 10,43,
ML000204,Hisopo o Escobilla - Frascos 1 Litro,Ex 10,,
ML000203,Hisopo o Escobilla - para Bureta y Tubos Largos,Ex 10,43,
ML000202,"Membrana de filtracion Nylon 66, diametro 47 mm, poro 0,22 micras",16,,
ML000201,Pinza dentada 25 cm,Ex 7,18,
ML000200,Gradilla para microtubos 40 pocillos (autoclavable y para freezer),19,,
ML000199,Embudo Buchner de Porcelana 100 mm - diam int 90 mm,7,,
ML000198,Embudo Buchner de Porcelana 80 mm - diam int 73 mm,Ex 7,7,
ML000197,Kitasato de Borosilicato - 1 Litro,32,37,
ML000196,Matraz Erlenmeyer - 50 Ml,32,37,
ML000195,Matraz Erlenmeyer - 25 Ml,38,,
ML000193,Pinza para Matraz sin Nuez,,,
ML000192,Pinza para Crisol - 20 a 30 Cm de largo,Ex 7,40,
ML000191,Tapon de Goma N°8 - 43x32x31 mm,22,,
ML000190,Tapon de Goma Nº7 - 37x28x30 mm,22,,
ML000189,Probeta Graduada Esmerilada con Tapa - Clase A - 1000 Ml,13,33,
ML000188,Tapon de Goma Nº5 - 29x23x32 mm,22,,
ML000187,Tapon de Goma Nº1 - 19x14x26 mm,22,,
ML000186,Tapon de Goma Nº0 - 17x13x24 mm,22,,
ML000185,Mascarillas - Caja 50 Un,,,
ML000184,Gradilla mixta para tubos de 50 y 15 mL,19,,
ML000183,Espátula macro cuchara y plano - Acero inoxidable - 150 mm,15,21,
ML000182,Propipeta Tubular Verde - 5 a 10 Ml,31,33,
ML000180,Jarro Laboratorio Polipropileno - 1 Litro,,,
ML000179,Vaso de Precipitado - Polipropileno - 2 Litros,12,31,
ML000178,Vaso de Precipitado - Polipropileno - 1 Litro,12,31,
ML000177,Vaso de Precipitado - Polipropileno - 500 Ml,12,31,
ML000176,Vaso de Precipitado - Polipropileno - 250 Ml,12,31,
ML000175,Vaso de Precipitado - Polipropileno - 100 Ml,12,31,
ML000174,Vaso de Precipitado - Polipropileno - 50 Ml,12,31,
ML000173,Set de 2 Abrazaderas para Manguera 16 Mm,24,,
ML000172,Probeta Graduada Esmerilada con Tapa - Clase A - 500 Ml,38,,
ML000171,Matraz Erlenmeyer con tapa rosca - Borosilicato - 100 mL,32,,
ML000170,Gradilla Plastica P/60 Tubos de Ensayo de 16 Mm,Ex 7,19,39
ML000169,Espátula micro cuchara y plano - Acero inoxidable - 150 mm,15,21,
ML000168,Tubo de Ensayo - Borosilicato - 16 X 100 Mm,Ex 7,36,
ML000167,Tubo de Ensayo - Borosilicato - 16 X 160 Mm,Ex 7,36,
ML000166,Tapon de Corcho P/tubo de 16 Mm,22,,
ML000164,Pipeta de transferencia o Pasteur desechable - NO ESTÉRIL - 1 mL,2B,,
ML000163,Doble nuez angulo ajustable,32,40,
ML000162,Capsula de Evaporacion Porcelana - 90 Mm Diametro - 100 Ml,Ex 7,8,
ML000161,Jeringa Plastica - 3 Ml,29,,
ML000160,Jeringa Plastica - 5 Ml,29,,
ML000159,Jeringa Plastica - 10 Ml,29,,
ML000158,Jeringa Plastica - 20 Ml,29,,
ML000157,Tubo de Ensayo Graduado - 20 Ml,,,
ML000156,Mortero de Porcelana con Pistilo - 80 Mm,Ex 7,8,35
ML000155,Jeringa Plastica - 50 Ml,29,,
ML000154,Tubos Capilares S/Heparina - 100 Un,31,,
ML000153,Probeta Graduada - Polipropileno - 25 Ml,28,33,
ML000152NA,Embudo de Decantacion con Llave de Teflon - 125 Ml,,,
ML000152,Embudo de Decantacion con Llave de Teflon - 125 Ml,36,,
ML000151,Gotario de Vidrio con Bulbo de Goma - 1 Ml,2,,
ML000150,Tapon de Goma N°3 - 23x17x26 mm,22,,
ML000149,Tubo de Ensayo - Borosilicato - 18 X 100 Mm,36,,
ML000148,Microplaca - 24 Pocillos,,,
ML000147,Pipeta Graduada de Borosilicato - 1 Ml,3,,
ML000146,Pipeta Volumétrica o Aforada de borosilicato - 1 Ml,3,,
ML000145,Embudo - Vidrio - 90 Mm,7,,
ML000144,Embudo - Vidrio - 100 Mm,7,34,36
ML000142,Codo de Destilacion Esmerilado 24/29 (np),36,,
ML000140,Capuchon o Bulbo de Goma para Gotario Pasteur- 1 Ml,,,
ML000139,Cápsula de evaporación Porcelana - 130 Mm de diámetro - 300 mL,Ex 7,8,
ML000138,Botella polipropileno autoclavable - 250 mL,31,37,
ML000137,Botella polipropileno autoclavable - 500 mL,37,,
ML000136,Botella Ambar de Vidrio Soda con Tapa- 250 mL,,,
ML000135NA,Piseta - 500 Ml,,,
ML000135,Piseta - 500 Ml,31,37,
ML000134,Barra Agitadora Magnetica Recubierta en Teflon - 2.5cm,14,,
ML000133,Termometro Digital de Pinchar de - 50 a 300°C,23,,
ML000132,Repuesto de Gas 190 gramos Certificado para Mechero Portatil ML000505,24,,
ML000131,Papel de filtro cualitativo 15 cm - 100 unid,16,,
ML000130,Caja Armable para Desechar Material Cortopunzante - Pequeña,29,,
ML000128NA,Pinza para Vaso Precipitado,40,,
ML000128,Pinza para Vaso Precipitado,Ex 7,40,
ML000126,Rejilla para Mechero - 15 X 15 Cm,24,34,
ML000125,Vidrio de Reloj - 10 Cm,22,,
ML000124,Doble Nuez 180°,,,
ML000123,Vaso de Precipitado - Borosilicato - 500 Ml,11,34,
ML000122,Vaso de Precipitado - Borosilicato - 50 Ml,12,34,
ML000121,Vaso de Precipitado - Borosilicato - 250 Ml,Ex 11,12,34
ML000120NA,Vaso de Precipitado Duran - Borosilicato - 1 Litro,Ex 11,35,34
ML000120,Vaso de Precipitado - Borosilicato - 1 Litro,5,11,34
ML000119,Vaso de Precipitado - Borosilicato - 100 Ml,12,34,
ML000118,Varilla para Revolver Mezclas o Bagueta de vidrio - 250x6mm,1,,
ML000116,Tubos para Cultivo 16*100mm- Pack de 25 Unidades,Ex 7,36,
ML000115,Tubo de Vidrio en Y,32,36,
ML000114,Tubo de Vidrio en - U - 5Cm,32,36,
ML000113,Tubo de Vidrio en - T,36,,
ML000112,Tubo de Vidrio en - L,36,,
ML000111,Tubo de Ensayo - Borosilicato - 18 X 180 Mm,36,,
ML000110,Tubo de Ensayo - Borosilicato - 16 X 150 Mm,Ex 7,36,
ML000109NA,Tripode para Mechero - 15 cm alto X 10 cm diametro,24,34,
ML000109,Tripode para Mechero - 15 cm alto X 10 cm diametro,24,34,
ML000107,Termometro de Mercurio - 10 a 100°c,1,,
ML000106,Termometro de Alcohol - 10 a 110ºc,,,
ML000105,Termometro de Alcohol - 10 a 200°c,,,
ML000104,Cronometro,Ex 9,31,23
ML000103,Tapon de Corcho P/tubo de 18 Mm,22,,
ML000102,Vaso de Precipitado - Polipropileno - 3 Litros,31,37,
ML000101,Vaso de Precipitado - Polipropileno - 5 Litros,31,37,
ML000100NA,Propipeta Universal de Goma Roja,31,,
ML000100,Propipeta Universal de Goma Roja,31,33,38
ML000099,Probeta Graduada de Borosilicato - Clase A - 250 Ml,13,33,
ML000098,Probeta Graduada - Polipropileno - 500 Ml,37,,
ML000097,Probeta Graduada - Polipropileno - 250 Ml,28,33,
ML000096NA,Probeta Graduada - Polipropileno - 1 Litro,33,37,
ML000096,Probeta Graduada - Polipropileno - 1 Litro,33,37,
ML000095,Probeta Graduada - Polipropileno - 100 Ml,28,33,
ML000094,Probeta Graduada de Borosilicato - Clase A - 1 Litro,33,38,
ML000093,Probeta Graduada de Borosilicato - Clase A - 100 Ml,13,33,
ML000092,Probeta Graduada - Polipropileno - 50 Ml,33,37,
ML000091,"Portaobjeto para Microscopía superficie lisa y borde pulido (25mm x 75mm x 1,2mm) - Caja 50 Un",17,36,
ML000090NA,Placa Petri Borosilicato - 60 Mm,,,
ML000090,Placa Petri Borosilicato - 60 Mm,4,35,
ML000089NA,Placa Petri Borosilicato - 100 Mm,,,
ML000089,Placa Petri Borosilicato - 100 Mm,4,35,
ML000086,Piseta - 250 Ml,31,37,
ML000085,Vaso de Precipitado - Borosilicato - 150 Ml,12,34,
ML000084,Pipeta Graduada de Borosilicato - 50 Ml,3,,
ML000083,Pipeta Volumetrica o Aforada de borosilicato - 5 Ml,3,,
ML000082,Pipeta Volumetrica o Aforada de borosilicato- 25 Ml,3,,
ML000081,Pipeta Volumétrica o Aforada de borosilicato - 10 Ml,3,,
ML000080,Pipeta Graduada de Borosilicato - 5 Ml,2,33,
ML000079,Pipeta Graduada - Borosilicato - 10 Ml,2,33,35
ML000078,Pipeta de transferencia o Pasteur desechable - NO ESTÉRIL - 3 mL,2B,,
ML000077,Vaso de Precipitado - Borosilicato - 5 Litro,34,,
ML000076,Pinza para Una Bureta tipo Fisher,30,32,40
ML000075,Pinza Nuez,30,40,
ML000074NA,Pinza Metalica para Tubo de Ensayo,,,
ML000074,Pinza Metalica para Tubo de Ensayo,30,40,
ML000073,Pinza de Madera para Tubo de Ensayo,30,31,
ML000072,Pinza Anatomica o de Diseccion Acero Inox.,Ex 7,18,
ML000071,Pinza 3 Dedos con Nuez,40,,
ML000070,Botella Ambar de Vidrio Soda con Tapa- 500 mL,21,33,
ML000069,Papel Tornasol Rojo - 100 Un,14,,
ML000068,Papel Tornasol Azul - 100 Un,14,,
ML000067,Papel Indicador de Ph Rango 0- 14 - Caja 100 Un,Ex 7,14,
ML000066,Papel Filtro - Pliego 60 X 60 Cm,41,,
ML000065,Papel Filtro Cualitativo - 9 Cm Diametro W1 - Caja 100 Un,16,,
ML000064,"Papel Filtro Cualitativo - 12,5 Cm Diametro W1 - Caja 100 Un",16,,
ML000062,Mortero de Porcelana con Pistilo - 100 Mm,Ex 7,8,
ML000061,Mechero Metalico Alcohol Pequeño,24,34,
ML000060,Mechero de Alcohol de Vidrio,24,34,41
ML000059,Mechero Bunsen con Llave y Piloto - Gas Licuado - Certificado,,,
ML000057,Repuesto Mecha para Mechero de Alcohol,24,,
ML000056NA,Matraz Erlenmeyer - 500 mL,,,
ML000056,Matraz Erlenmeyer - 500 mL,32,37,
ML000055,Matraz Erlenmeyer - 250 Ml,32,37,
ML000054,Matraz Erlenmeyer - 1 Litro,32,37,
ML000053,Matraz Erlenmeyer - 100 Ml,32,37,
ML000052,Matraz Aforado con tapa - Clase A - 500 mL,34,38,
ML000050,Matraz Aforado con tapa - Clase A - 250 Ml,34,38,
ML000049,Matraz Aforado con tapa - Clase A - 1 Litro,34,38,
ML000047,Matraz Aforado con tapa - Clase A - 10 Ml,38,,
ML000046,Manguera de Silicona 7 X 10 Mm Transparente - 1 Metro,22,,
ML000045,Manguera de Latex 7 X 10 Mm - 1 Metro,22,,
ML000044,Mango Bisturi de Acero Inoxidable - N°3,18,,
ML000043,Mango Bisturi de Acero Inoxidable - N°4,18,,
ML000042,Lentes de Proteccion,32,,
ML000041,Hoja de Bisturi N°24 - Caja 100 Un,18,36,
ML000040,Hoja de Bisturi N° 15 - Caja 100 Un,18,,
ML000039,Gradilla Armable Madera para 6 Tubos de Ensayo de 18 Mm,32,,
ML000038,Piseta - 1000ML,31,37,
ML000037,Matraz Erlenmeyer - 3 Litro,32,37,
ML000036,Espátula micro doble plano - Acero inoxidable - 180 mm,12,21,
ML000035,Hisopo o Escobilla - Tubos de Ensayo (16 y 18 Mm),Ex 10,31,43
ML000034,Embudo - Polipropileno - 80 Mm a 90Mm,Ex 7,7,37
ML000033,Embudo Analitico de Vastago Largo - 75 Mm,7,,
ML000032,Embudo - Vidrio - 75 Mm,7,34,
ML000031,Embudo de Decantacion con Llave de Teflon - 500 Ml,36,,
ML000030,Embudo de Decantacion con Llave de Teflon - 250 Ml,36,,
ML000029,Embudo Buchner de Porcelana 60 mm - diam int  54 mm,Ex 7,7,
ML000028,Doble Nuez 90°,,,
ML000027,Densimetro - Rango 1.400 a 2.000,,,
ML000026,Densimetro - Rango 1.000 a 1.400,19,,
ML000025,Densimetro - Rango 700 a 1.000,19,,
ML000024,Cubreobjetos 22x22 Mm - Uso escolar - Caja 100 Un,17,,
ML000023,Cubreobjetos 18x18 mm - Uso escolar - Caja 100 Un,17,,
ML000022,Cristalizador - 300 Ml,32,35,
ML000021,Crisol de Porcelana - 40 Ml,8,,
ML000019,Matraz Aforado con tapa- 5 Ml,38,,
ML000018,Capsula de Evaporacion Porcelana - 75 Mm Diametro -60 Ml,Ex 7,8,
ML000017,Capsula de Evaporacion Porcelana - 60 Mm Diametro - 30 Ml,Ex 7,8,
ML000016NA,Bureta Recta con Llave de Teflon - 50 Ml,,,
ML000016,Bureta Recta con Llave de Teflon - 50 Ml,27,33,
ML000015,Bureta Recta con Llave de Teflon - Clase A - 25 Ml,27,40,
ML000014,Botella Tapa Azul - Borosilicato - 500 Ml,21,33,
ML000013NA,Botella Tapa Azul - Borosilicato - 1 Litro,21,,
ML000013,Botella Tapa Azul - Borosilicato - 1 Litro,21,32,
ML000012,Botella Plastica 125 Ml con Gotario,Ex 7,37,
ML000011,Botella polipropileno autoclavable - 125 mL,37,,
ML000010,Bisturi Desechable con Mango,Ex 7,18,
ML000009,Bidon Dispensador con Llave - 5 L,,,
ML000008,Bidon Dispensador con Llave - 25 L,42,,
ML000007,Bidon Dispensador con Llave - 10 L,42,,
ML000006,Bandeja de Diseccion Metalica - 26 X 19 Cm,Ex 7,15,18
ML000005,Argolla con Nuez - 80 Mm,30,40,
ML000004,Argolla con Nuez - 70 Mm,30,40,
ML000003,Argolla con Nuez - 50 Mm,34,40,
ML000002,Argolla con Nuez - 100 Mm,30,32,
ML000001,Soporte Universal - 60 Cm,21,32,
MKITVITC,Microexperimento VitC - Muestra gratis,,,
MKITPOLI,Microexperimento POLIMEROS,,,
MD0079KP,Pelota con textura - Set de 06 pelotas,,,
MD0078KP,Póster Trama Trófica Zona Sur,Ex 10,43,
MD0077KP,Póster Trama Trófica Zona Centro,Ex 10,,
MD0076KP,Póster Trama Trófica Zona Norte,Ex 10,,
MD0075KP,Alfileres de Costura con Cabeza,,,
MD0074KP,Corchos Tipo Vino,22,,
MD0073KP,Set de pesca en MDF,,,
MD0072KP,Set de Flora y Fauna Chilena,,,
MD0071KP,Pelota con textura,,,
MD0070KP,Animales plásticos pequeños de granja,10,38,
MD00662F,Limadura de HIerro Grueso- 500Gr,28,,
MD00661F,Temporizador Electromagnetico de puntos,Ex Física,6,
MD00660F,Cubeta de Ondas con pantalla de proyección y accesorios EISCO,Ex 9,,
MD00659F,Kit de Mecánica 2: Dinámica de Fluidos,Ex Física,,
MD00658F,Kit de Mecánica 1: Movimiento y Fuerzas,,,
MD00657F,Kit de Magnetismo 2: Inducción y Materiales Magnéticos,Ex Física,,
MD00656F,Kit de Magnetismo 1: Campos y Fuerzas Magnéticas,Ex Física,,
MD00655F,Kit de Electricidad 2: Transformadores y Motores,Ex Física,,
MD00654F,Kit de Electricidad 1: Circuitos y Leyes Básicas,,,
MD00653F,Kit de Electrostática: Cargas y Fuerzas,Ex Física,,
MD00652F,Kit de Calor y Termodinámica,Ex Física,,
MD00651F,Conductometro - Demostrador de Conductividad Térmica de Metales,Ex 9,6,Ex Física
MD00650F,Set de Dos Carros Dinámicos,Ex Física,41,
MD00649F,Generador Van de Graaff,,,
MD00648F,Kit de Conversion de Energia,,,
MD00647F,Kit de Energía Solar a Eólica,,,
MD00646F,Central Hidroelectrica,Ex Física,,
MD00645F,Panel Solar para Experimento de Transferencia de Energia,Ex Física,,
MD00643F,Plano Inclinado con Accesorios EISCO,Ex Física,2B,
MD00642F,Resorte de Movimiento Armonico,Ex 9,9,
MD00641F,Set de Resortes Ley de Hook,Ex 9,6,
MD00640F,Set de 6 Cubos para Investigacion de Densidad,9,,
MD00639F,Demostracion del Campo Magnetico (Solenoide Largo),Ex 9,,
MD00638F,Imanes en Barra Alnico- 150*15*10mm,,,
MD00637F,Imanes en Barra Alnico- 37*15*10mm,1,,
MD00636F,"Set de 3 Imanes de Herradura (75, 100 y 125mm)",Ex 9,9,43
MD00635F,Kit banco óptico completo con 20 experiencias,,,
MD00634F,Lente de Vidrio Concavo- Dia. 50mm DF 50mm,22,,
MD00633F,Lente de Vidrio Concavo- Dia. 50mm DF 150mm,22,,
MD00632F,Juego de 6 Lentes Opticos,6,,
MD00631F,Juego de Lentes/Espejo Opticos con Estuche,6,,
MD00630F,Juego de 7 Lentes Vidrio -13mm Grosor,5,,
MD00629F,Juego de 6 Lentes Vidrio -50mm Dia.,6,,
MD00628F,Juego de 6 Lentes Acrilicos -50mm Dia.,9,,
MD00627F,Kit de Óptica Deluxe,,,
MD00626F,Prisma de Vidrio Hueco - 50 x 50 mm,,,
MD00625F,Polea  Tandem Doble con Rodamiento de Bolas Plástico,,,
MD00624F,Polea  de Sujecion Ajustable  con Rodamiento de Bolas de Nailon,Ex 9,41,
MD00623F,Polea Triple con Rodamiento de Bolas de Plasticos,,,
MD00622F,Polea Simple con Rodamiento de Bolas de Plasticos,,,
MD00617F,Guia de Actividades de Kit de Optica,,,
MD00616F,Lente Prisma Semicircular de Acrilico - 8 Mm Espesor,22,,
MD00615F,Lente Divergente de Acrilico - 8 Mm Espesor,22,,
MD00614F,Lente Convergente de Acrilico - 8 Mm Espesor,,,
MD00613F,Lente Bloque de Acrilico Transparente - 8 Mm Espesor,22,,
MD00610D,Adorno de Cristal de ADN grabado 3D - 12*5*5 cm,20,Ex 22,
MD00609D,Esfera de Cristal con Galaxia 3D Grabada e Iluminación- 6Cm,20,Ex 22,
MD00608D,Esfera de Cristal con Sistema Solar 3D Grabado e Iluminación- 6Cm,20,Ex 22,
MD00607D,Cubo de Cristal con Corazón 3D Grabado e Iluminación- 5*8Cm,20,Ex 22,
MD00605D,Cubo de Cristal con Cerebro 3D Grabado e Iluminación- 6*6Cm,20,Ex 22,
MD00604D,Lentes mezcladores de colores,10,,
MD00603D,Cubo de Cristal con Esqueleto 3D Grabado e Iluminación- 5*8Cm,20,Ex 22,
MD00603B,Modelos didácticos de setas (cuerpos fructíferos de hongos),31,,
MD00602D,Tabla periódica acrílica decorativa iluminada,20,Ex 22,
MD00601D,Sistema solar a pilas,10,,
MD00600D,Set de 6 lupas Jumbo 20 x 11 cm,10,,
MD00559N,Delantal de Organos Desmontables,,,
MD00553N,Lamina Reversible Sistema Solar- 72x102cm,Ex 10,,
MD00545B,Modelo Anatomico Gato desmontable 11 piezas - PVC,,,
MD00544B,Modelo Anatomico de Perro - Desmontable 9 piezas - PVC,,,
MD00543B,Sistema Urogenital Masculino,Ex 14,38,
MD00542B,Sistema Urogenital Femenino,Ex 14,38,
MD00541F,Lente Doble Concavo (divergente) - Diametro 75 Mm - Distancia Focal 10 Cm,,,
MD00541B,Modelo 3D etapas de la Meiosis,Ex 7,38,
MD00540F,Prisma Rectangular de Acrilico 75x50x18 Mm,,,
MD00540B,Modelo 3D etapas de la Mitosis,Ex 7,38,
MD00539B,Modelo del Sistema Respiratorio y Alveolos Pulmonares,,,
MD00538B,Modelo de Neurona humana - Tamaño aumentado 2500x,,,
MD00536B,Modelo de Celula Vegetal 14cm Goma Eva,10,,
MD00535B,Modelo de Pelvis Femenina con 3 y 9 Meses de Embarazo,,,
MD00532B,Kit de Sensaciones para Educacion Parvularia,,,
MD00531B,Celula Bacteriana 3d- 15Cm,,,
MD00524B,Maqueta de Cromosomas con Alelos Desmontables en 3d,,,
MD00517B,Set de 2 Preparaciones de células vegetales en mitosis con cromosomas visibles,17,,
MD00516B,Modelo Anatomico de Musculatura 80 Cm (cuerpo Completo),2B,Ex,
MD00515B,Modelo Anatomico de Pelvis Masculina,,,
MD00514B,Modelo Anatomico de Pelvis Femenina,,,
MD00513F,Kit de Fuerzas - Linea Empirica,,,
MD00511Q,Kit Oxido Reduccion - Linea Empirica,,,
MD00500F,Disco de Newton Manual,,,
MD00499N,Mini Lupa Led 20x - Diametro 25 Mm,,,
MD00445B,Modelo Anatomico de Seccion Media de La Cabeza,Ex 7,38,
MD00440N,Termometro Ambiental Escolar,23,,
MD00440F,Iman en Barra con Polos Indicados - 5cm,,,
MD00438M,Modelo Simulador de preservativo masculino,38,,
MD00438I,Modelo de brazo de entrenamiento inyectable (con set),Ex 7,43,
MD00438F,"Imán en Barra con Polos Indicados 7,5 cm",,,
MD00437B,"Modelo Anatomico de Laringe, Corazon y Pulmon (7 Partes)",,,
MD00435B,Modelo Anatomico de Estomago,Ex 29 ,38,
MD00434B,Modelo Anatomico de Craneo con Cerebro (8 Partes),,,
MD00432F,Set de masas con gancho – 250 g (cromado),,,
MD00431F,Set de masas con gancho – 100 g (zinc),9,21,
MD00430F,Accesorios Mezclador de Colores,,,
MD00426F,Prisma triangular equilátero de 38x38x38 mm,22,,
MD00425F,Iman en Herradura Polos Indicados - 150 Mm,,,
MD00423F,Martillo para Diapason,,,
MD00422F,Par de Diapasones en Caja de Resonancia Individual con Martillo,,,
MD00420F,Set de 8 Diapasones de Acero,Ex 9,6,
MD00419F,Set de 7 Bloques de Acrílico (Lentes y Prismas),Ex 9,22,
MD00418F,Prisma Semicircular de Vidrio 90x18 Mm,9,,
MD00417F,Prisma Rectangular de Vidrio 75x50x18 Mm,,,
MD00416F,Tubo de Conveccion,,,
MD00415F,Set de 6 Lentes - 50 Mm de Diametro,22,,
MD00379N,Guatero de Manos,,,
MD00376B,Modelo de Celula Animal 14cm de Goma Eva,10,,
MD00371F,Diapason 256 Hz,,,
MD00370F,Varilla de Frotacion de Plastico - 30 X 1 Cm,1,,
MD00367Q,Modelo Molecular Molymod de Bioquimica para Estudiantes Mms - 10,,,
MD00366N,Brujula Ajustable Colgante,Ex 9,31,
MD00365F,Dinamometro - 100g/1n,24,,
MD00364F,Dinamometro - 5kg/50n,Ex 9,24,
MD00360F,Paño de Frotacion de Franela para Electrostatica,,,
MD00358F,"Polea de Mesa - 3,7 Cm Diametro",9,,
MD00356F,Varilla de Frotacion - Vidrio - 280x8 Mm,1,38,
MD00355F,Prisma Triangular Equilatero de Vidrio -50 X 50 X 50 Mm,Ex 9,22,
MD00354D,Lampara de Plasma Redonda- 20Cm,,,
MD00353D,Lampara de Plasma Redonda- 13Cm,Ex 9,43,
MD00352D,Desecador con Llave y Plato de Porcelana 100mm,,,
MD00351D,Desecador con Plato de Porcelana 300mm,36,,
MD00349D,Desecador con Plato de Porcelana 100mm,,,
MD00346F,Cuna o Pendulo de Newton,,,
MD00343P,Libro de 10 Experiencias Cientificas de Nt2,,,
MD00342P,Libro de 10 Experiencias Cientificas de Nt1,,,
MD00341S,"Libro De 8 Actividades De Historia, Geografía Y Cs. Sociales",,,
MD00341N,Termometro Ambiental de Mercurio Minima y Maxima - 40 a 50 °c,23,,
MD00334F,Lente Esferico Concavo - 50 Mm Diam,Ex 9,22,
MD00325B,Modelo Anatomico de Riñon en 2 Partes - 20x10x7 Cm,,,
MD00315F,Carro de Hall con Resorte,,,
MD00306B,Modelo Sistema Digestivo 3 Piezas,,,
MD00303B,Craneo Tamaño Real con Huesos Coloreados,Ex 29 ,38,
MD00300B,Set de 12 Preparaciones de Polen y Esporas,,,
MD00297Q,Modelo Molecular Molymod de Bioquimica para Profesores Mm-7,30,,
MD00296P,Set de 4 Figuras Geometricas en Acrilico de Colores,Ex 9,9,
MD00281Q,Modelo Molecular Molymod para Quimica Organica e Inorganica - Version Profesor Mms - 4,30,,
MD00280Q,Modelo Molecular Molymod Quimica Organica Version Estudiantes Mms - 8,30,,
MD00279Q,Modelo Molecular Molymod Quimica Organica - Version Profesor Mms - 3,30,,
MD00278N,Libro 5 Exp Cientificas 8° Basico,,,
MD00277N,Libro 5 Exp Cientificas 7° Basico,,,
MD00276N,Libro 4 Exp Cientificas 6° Basico,,,
MD00275N,Libro 5 Exp Cientificas 5° Basico,,,
MD00274N,Libro 4 Exp Cientificas 4° Basico,,,
MD00273N,Libro 4 Exp Cientificas 3° Basico,,,
MD00272N,Libro 4 Exp Cientificas 2° Basico,,,
MD00271N,Libro 4 Exp Cientificas 1° Basico,,,
MD00201F,Cubeta de Ondas,,,
MD00194F,Paneles Solares Fotovoltaicos 6 W - 6 Volt,,,
MD00191F,Espejo Concavo 75 Mm Diam - Distancia Focal 15 Cm,22,,
MD00191F,Espejo Concavo 75 Mm Diam - Distancia Focal 15 Cm,22,,
MD00190F,Espejo Convexo 75 Mm Diam - Distancia Focal 15 Cm,22,,
MD00189F,Espejo Concavo 50 Mm Diam - Distancia Focal 10 Cm,22,,
MD00188F,Espejo Convexo 50 Mm Diam - Distancia Focal 10 Cm,,,
MD00187F,Set de 3 Resortes para Ley de Hooke,6,,
MD00186F,Manual Maleta y Kit de Electricidad,,,
MD00185F,Libro de Exp. Cientificas de Fisica - Iii° y Iv° Medio,,,
MD00184F,Libro de Exp. Cientificas de Fisica - I° y Ii° Medio,,,
MD00183F,Libro de Exp. Cientificas de Fisica - 7° y 8° Basico,,,
MD00182Q,Libro de Exp. Cientificas de Quimica - Iii° y Iv° Medio,,,
MD00181Q,Libro de Exp. Cientificas de Quimica - I° y Ii° Medio,,,
MD00180Q,Libro de Exp. Cientificas de Quimica - 7° y 8° Basico,,,
MD00179B,Libro de Exp. Cientificas de Biologia - Iii° y Iv° Medio,,,
MD00178B,Libro de Exp. Cientificas de Biologia - I° y Ii° Medio,,,
MD00177B,Libro de Exp. Cientificas de Biologia - 7° y 8° Basico,,,
MD00166B,Esqueleto Humano con Soporte - 85 Cm,Ex ,,
MD00165B,Lupa de Insecto con Recipiente,10,,
MD00164Q,Modelo Molecular Molymod para Quimica Organica e Inorganica - Version Estudiantes Mms - 9,30,,
MD00162F,Carro de Hall,,,
MD00161F,Set de 2 Carro Dinamico,,,
MD00157F,Set de masas con gancho – 500 g (zinc),9,21,43
MD00156F,Resorte de Ondas (slinky),Ex 9,9,
MD00155F,Lente Esferico Convexo - 50 Mm Diam - Distancia Focal 50 Mm,,,
MD00154F,Lente Esferico Concavo - 75 Mm Diam,22,,
MD00153F,Prisma Triangular Isosceles de Vidrio - 38x38x56 Mm,22,,
MD00135B,Muestrario de Minerales,Ex 10,10,
MD00134F,Iman en Herradura Polos Indicados - 100 Mm,,,
MD00131B,Modelo Anatomico de Cerebro Humano Desmontable con Arterias (8 Partes),,,
MD00130B,Modelo de Gestacion Fetal Tamaño Natural - 10 Partes,Ex 29,,
MD00127B,Modelo Anatomico de Oido Humano Gigante (6 Partes),Ex 14,38,
MD00126B,Modelo Anatomico de Ojo Humano (7 Partes),Ex 29 ,38,
MD00125B,Corazon Magnificado Jumbo Desmontable - 3 Partes,Ex 14,38,
MD00124B,Columna Vertebral Tamaño Natural con Pelvis,,,
MD00123B,Modelo de Piel,Ex 29 ,38,
MD00121B,Modelo Anatomico Dentadura y Lengua con Cepillo- 28 dientes,Ex 29 ,38,
MD00112F,Espejo Parabolico Convexo,,,
MD00111F,Espejo Parabolico Concavo,,,
MD00110F,Set de Diapasones con Caja de Resonancia y Martillo,,,
MD00108Q,Modelo Molecular Molymod del Adn Advanced,,,
MD00101B,Modelo Funcional de Bombeo del Corazón Humano,,,
MD00100Q,Tabla Periodica - Hoja Carta,19,,
MD00100B,Modelo anticonceptivo femenino,Ex 29 ,38,
MD00099F,Recipiente de Rebalse de Vidrio - 250 Ml,34,35,
MD00096F,Lamina Fotocopiable de Paracaidas (tamaño Carta),,,
MD00093F,Balanza Armable de Madera,,,
MD00092F,Bola y Aro para Calorimetria,,,
MD00091F,Plano Inclinado de 80 Cm con 4 Angulos,Ex Física,,
MD00090F,Vasos Comunicantes,Ex Física,42,
MD00089F,Set de Masas con gancho - 1 kg (latón),9,21,43
MD00087F,Diapason 440 Hz,,,
MD00086B,Modelo de Hoja 3D con Cortes Transversales y Longitudinales,,,
MD00084B,Modelo de Tallo de Planta Monocotiledonea,,,
MD00083B,Torso -45 Cm - 23 Partes Doble Sexo,Ex 14,2B,
MD00082T,Medidor de Humedad,,,
MD00078N,Libro 7 Exp Cientificas 8° Basico,,,
MD00077N,Libro 7 Exp Cientificas 7° Basico,,,
MD00076N,Libro 7 Exp Cientificas 6° Basico,,,
MD00075N,Libro 7 Exp Cientificas 5° Basico,,,
MD00074N,Libro 7 Exp Cientificas 4° Basico,,,
MD00074M,Libro metodológico docente EXPERIMENTA - Nivel Transicion,,,
MD00073N,Libro 7 Exp Cientificas 3° Basico,,,
MD00072N,Libro 7 Exp Cientificas 2° Basico,,,
MD00071N,Libro 7 Exp Cientificas 1° Basico,,,
MD00071F,Maleta de Electricidad,Ex Física,,
MD00070M,Libro metodológico docente EXPERIMENTA - Nivel Sala cuna,,,
MD00070B,Set de Preparaciones Histologicas Biologia Ii - 16 Prep,17,,
MD00069B,Set de Preparaciones Histologicas Biologia Iii - 25 Prep,17,,
MD00068B,Esqueleto Humano con Soporte - 1.8m,Ex 1,2B,
MD00067P,Set de 3 Laminas Secuencia Tareas,,,
MD00061P,Laminas Cuento Max y El Peinado Electrico,,,
MD00060P,Set de 3 Laminas Estado de La Materia,,,
MD00059P,Balanza de Madera para Preescolares,,,
MD00058P,Set de 5 Laminas de Elementos Del Sistema Solar,,,
MD00056F,Dinamometro - 3kg/30n,Ex 9,24,
MD00055F,Dinamometro - 2kg/20n,24,,
MD00054F,Dinamometro - 1kg/10n,Ex 9,24,
MD00053F,Dinamometro - 250g/2.5n,24,,
MD00052F,Dinamometro - 500g/5n,Ex 9,24,
MD00050N,Set de 2 Lamina Fotocopiable Diferentes Vertebrados,,,
MD00049N,Set Palabras Clasificacion Vertebrados,,,
MD00047N,Lamina Piramide de Los Alimentos,,,
MD00037N,Lamina Cuento Ciclo Del Agua,,,
MD00036F,Cable Cocodrilo,,,
MD00035QNA,Ebullidor de Mano,,,
MD00035Q,Ebullidor de Mano,Ex 22,35,
MD00034F,Led de Testeo,,,
MD00033N,Set de 54 Tarjetas Quien es ese animal,,,
MD00032N,Set 45 Laminas Colgantes de Animales,,,
MD00031N,Set elementos de Texturas,,,
MD00030F,Set de optica (a pilas),Ex 9,6,
MD00028N,Set de 4 Laminas Fotocopiables Invertebrados,,,
MD00027N,Set de Aromas,,,
MD00026B,Set 14 Laminas Invertebrados,,,
MD00025G,Lamina Proyeccion Esferica de La Tierra,,,
MD00024B,Lamina Partes Del Cuerpo Humano,,,
MD00021Q,Tabla Periodica para Colgar con Estuche - 80 X 120 Cm,Ex 10,,
MD00020Q,Lamina Fotocopiable Del Espectroscopio,,,
MD00019N,Set de 5 Lamina de los Sentidos,,,
MD00018N,Lamina La Planta y Sus Partes,,,
MD00017N,Set de 45 Laminas Sistema Solar Ed Basica,,,
MD00016B,Set Seleccion Natural,,,
MD00015B,Regla de Neurociencia,,,
MD00014B,Modelo de Celula Animal - Pvc,20,38,
MD00013F,Laser Astronomico,Ex 9,22,
MD00013B,Modelo de Bacteria Patogena,,,
MD00011M,Llavero BQ,,,
MD00011B,Torso -85 Cm -23 Partes Doble Sexo,2B,Ex,
MD00010R,Modelo de RCP Adulto,Ex 7,,
MD00009B,Modelo de Celula Vegetal - Pvc,20,38,
MD00007B,Set de Preparaciones Histologicas Parasitos I - 25 Prep,,,
MD00006B,Set de Preparaciones Histologicas Parasitos II - 25 Prep,,,
MD00005G,Globo Terraqueo - Mediano - 30 Cm,,,
MD00002B,Esqueleto Humano con Soporte - 45 Cm,Ex 29,38,
MD00001B,Set de Preparaciones Histologicas Biologia I - 25 Prep,17,,
LIC00507,Embudo Buchner de Porcelana- diam int 110 mm,,,
LIC00413,Glicerina Líquida USP 1tl,,,
LIC00364,Sensor de Proximidad Inductivo,,,
LIC00363,Cautin Electrico 30W,,,
LIC00362,Jeringa plástica con aguja- 100ml,29,,
LIC00305,Termometro de Galileo 10 Bolas - 44 cm,,,
LIC00235,Lupa Estereoscopica 20x y 40x,,,
LIC00208,NEUTRALIZANTE EN POLVO PARA DERRAMES BASICOS,,,
Lic00193,Colorante violeta - 20 mL,,,
Lic00189,Planiferio fisico y politico mapa reversible de 100 x 70 material duradero para colgar,,,
Lic00031,BOTIQUIN PRIMEROS AUXILIOS,,,
Lic00027,CLAVOS DE COBRE - 1KG,,,
LIC000197B,Microscopio Binocular 1000x profesional y 4 Objetivos - Alim Dual Corriente alterna y bateria,Pasillo Salida,,
LIC000097B,Microscopio Binocular 1000x profesional y 4 Objetivos - Corriente alterna,Pasillo Salida,,
LIC000075B,Microscopio Trinocular 1000x con Objetivos Plan,Pasillo Salida,,
LIC000045B,"Microscopio Trinocular 1000x con 4 Objetivos [4x, 10x, 40x, 100x(oil)] y Platina Mecanica",Pasillo Salida,,
KT-1510-10,Laboratorio de aprendizaje 101 sobre micropipetas (CL3),,,
KT-1503-01,Laboratorio de diagnóstico viral: Venciendo la próxima pandemia (CL2),,,
KT-1403-01,Laboratorio de electroforesis de tintes: Laboratorio  Pea de Mendel (CL3),,,
KT-1401-01,Laboratorio de electroforesis de tintes: Laboratorio de cazadores de microbios (CL3),,,
KT-1001-04,miniPCR  Detectando Inocuidad de Alimentos en Carritos de Comida (Food truck),,,
IL136PIS,Taburetes con respaldo,,,
IL131CAR,Mueble Rincon de Ciencias Metalico 90 X 80 X 42 Cm,Ex 1,,
IL130CAR,Mueble Laboratorio Movil Metalico 90 X 98 X 54 Cm,,,
IL022ARM,Mueble Armario Metalico - 1.85 X 0.90 X 0.45 Metros,,,
IL003PIS,Piso Metalico con Cubierta de Melamina,,,
HG000054,SET DE 2 LÁMINAS MARIPOSA - PERRO,,,
HG000051,Lamina Rutas Comerciales Siglo XVI y XVII - Tamaño Carta,,,
HG000049,Pizarra Acrilica Magnetica - 30x40 Cm,,,
HG000047,Set de 23 Tarjetas Imantadas Revolucion Industrial,,,
HG000035,Juego de 27 Jengas de Madera con Piezas Numeradas,,,
HG000031,Mapa Regionalizado de Chile - 42x74 Cm,,,
HG000019,Notas Adhesivas Pequeñas,,,
HG000017,Mondadientes 100 Unidades,,,
HG000015,Esfera de Plumavit de 15cm,,,
GMR20MAG,Geno MagRack,Ex 7,,
F1001,"Fluorómetro Smart-Q 100, muestra única- Benchmark",,,
ET000162,Etiqueta Módulo EXPERIMENTA Párvulo - Transición,,,
ET000161,Etiqueta Módulo EXPERIMENTA Párvulo - Nivel medio,,,
ET000140,Etiqueta Alginato 1% - gotero 30 Ml (VERDE),,,
ET000139,Etiqueta Alginato 1% - gotero 30 Ml (AMARILLO),,,
ET000138,Etiqueta Alginato 1% - gotero 30 Ml (Azul),,,
ET000062,Etiqueta para Laboratorio Portatil - SuscribScience®,,,
ET000013,Etiqueta Hidroxido de Sodio 25G (21X68mm),,,
ET000012,Etiqueta Reactivo Vitc 30 Ml,,,
ET000011,"Etiqueta Proteasa 0,3 G - Kit Adn",,,
ET000008,Etiqueta Agua Pura (osmosis Reversa) - 100 Ml,,,
ET000007,Etiqueta Poliacrilato de Potasio - 5 Gramos,,,
ET000006,"Etiqueta Azul de Metileno 0,50% - 5 Ml",,,
ET000005,Etiqueta Glucosa Monohidrato - 20 Gramos,,,
ET000004,"Etiqueta Fenolftaleina 0,3 G",,,
ET000003,Etiqueta Carbonato de Sodio 5 Gramos,,,
ET000001,Etiqueta Alginato 1% - gotero 30 Ml (ROJO),,,
EN119TUB,Tubo Khan 5 mL con tapa esteril env individual - Pack 25 unidades,37,,
EN118TUB,Tubo Tipo  Falcon  de 15 mL Sin Faldon - Esteril y Libre de RNAsas y DNAsas   - Pack 50 unidades,39,,
EN117TUB,Tubo Tipo Falcon con Faldon Esteril - 50 Ml (Presentación de 25 Unidades),39,,
EN116TUB,Tubo Tipo Falcon No Esteril- 5 Ml - Pack 200 unidades,,,
EN115BOX,Caja Pandora Baja con Tapa - 12 Litros,,,
EN113TUB,Tubo Tipo Falcon sin Faldon Esteril 50 Ml - Pack 25 unidades,,,
EN111BOX,Caja de Carton para Freezer de 100 posiciones,,,
EN111ATO,Atomizador de 500 Ml,31,37,
EN110TUB,Tubo Falcon Esteril - 50 Ml,,,
EN108BOX,Caja Autoarmable de Carton Microcorrugado + Cartulina Impresa 1/0 Color - 240 x 170 x 85 mm,,,
EN105TUB,Tubo Fondo Conico Sin Tapa - 10 Ml,,,
EN096BOL,Bolsa Ziploc 15 x 22 cm,,,
EN095BOL,Bolsa Burbuja para Envio - 12 x 17 Cm,,,
EN086BOX,CAJA PLAST #22.5 C/MANILLA C/T,,,
EN085BOX,CAJA # 45 C/TAPA Y MANILLA,,,
EN084BOX,Caja Plastica - 27 Litros,,,
EN081BOX,Caja Plastica Rollbox 15 litros - 40 X 30 X 18 Cm,,,
EN080BOX,Caja Kit Experimento Autoarmable -Medidas Internas 380x290x205mm - 14c,,,
EN079BOX,Caja Plastica Rollbox 32 litros - Empirica -19 X 40 X 60 Cm,,,
EN078EPP,"Tubo de microcentrifuga tipo Eppendorf - 0,6 Ml",42,,
EN074BOX,Caja Plastica P/tubos de Ensayo - 28x17x17 Cm,,,
EN073BOX,Caja Plastica P/tubos de Ensayo - 23x19x15 Cm,,,
EN072BOX,Caja Pandora Plastica - 12 cavidades,,,
EN071BOL,Bolsa Ziploc 20x30,,,
EN070BOX,Caja Carton Microcorrugado para Set de Optica,,,
EN069MAL,Maleta Plastica - 16 Litros,,,
EN055BID,Bidon - 10 Litros,,,
EN050BOX,Maleta Plastica - 10 Litros,,,
EN047TUB,Tubo Tipo  Falcon Sin Faldon - 50 Ml,,,
EN042BOL,Bolsa Ziploc 18x20,,,
EN041BOL,Bolsa Ziploc 26x37,,,
EN040BOL,Bolsa Ziploc 30x40,,,
EN039BOL,Bolsa Ziploc 8x12,,,
EN038BOL,Bolsa Ziploc 15x16,,,
EN037ATO,Frasco Plastico con Atomizador - 125 Ml,,,
EN035BAU,Baul Plastico de 100 L,,,
EN033BID,Bidon 5 litros con Tapa,30,42,
EN033BID,Bidon 5 litros con Tapa,30,42,
EN032BOL,Bolsa Ziploc 12x28,,,
EN031BOL,"Bolsa Ziploc 7,5x20",,,
EN030BOL,Bolsa Ziploc 6x8,,,
EN029BOL,"Bolsa Ziploc 5,5x6",,,
EN025EPP,Tubo de microcentrifuga tipo Eppendorf - 0.5 mL - 1000 Unidades,42,,
EN024EPP,Tubo de microcentrifuga tipo Eppendorf - 2 Ml,,,
EN022TUB,Tubo Tipo Falcon con Faldon- 5 Ml,,,
EN021TUB,Tubo Tipo Falcon sin Faldon  -15 Ml,,,
EN020TUB,Tubo Tipo Falcon con Faldon - 50 Ml,,,
EN00119B,Botella Plastica 500Ml (Sin tapa Sin Pistola),37,,
EN00110P,Pistola Spray Profesional Blanca-Roja,30,37,
EN00110D,Gotero Blanco con Cortagotas y Tapa - 100 Ml,37,,
EN00106B,Botella Plastica con Tapa - 125 Ml,37,,
EN00105B,Botella Pet Transparente con Tapa - 100 Ml,37,,
EN00104B,Botella Pet Ambar con Tapa - 100 Ml,37,,
EN00102D,Gotero Blanco con Cortagotas y Tapa - 30 Ml,Ex 7,37,
EN00101D,Gotero Blanco con Cortagotas y Tapa - 10 Ml,,,
EMB00042,Bolsa Papel con Manilla XL,,,
EMB00039,Caja de cartón embalaje alto: 12 ancho: 12 largo: 30,,,
EMB0003,Cinta de Embalaje Transparente 48mm,,,
EMB00026,Caja cartón embalaje  alto: 17 ancho: 23 largo: 35,,,
EMB00024,Caja cartón embalaje alto: 32 ancho: 47 largo: 58,,,
EMB00023,Caja cartón embalaje alto: 37 ancho: 31 largo: 54,,,
EMB00022,Caja cartón embalaje alto: 35 ancho: 28 largo: 32,,,
EMB00018,Rollo bolsa prepicada Alto 30 x ancho 20,,,
EMB00017,Rollo bolsa prepicada Alto 40 x ancho 30,,,
EMB00016,Bolsa Papel con Manilla L,,,
EMB00015,Bolsa Papel con Manilla M,,,
EMB00014,Bolsa Papel con Manilla S,,,
EMB00007,Rollo burbuja,,,
EM002SC1,Taller científico SALA CUNA Jardín infantil,,,
EM001NT1,Taller cientifico NIVEL MEDIO MAYOR - Educacion parvularia,,,
EM001NM1,Taller científico NIVEL MEDIO Jardín Infantil,,,
EL000073,Electrodo de Temperatura Version 1.1,,,
EL000048,Pneumotacometro Espirometro con Clips de Nariz,,,
EL000023,Sensor de Distancia Solo,,,
EL000008,Memoria Sd - 8gb,,,
EL000007,Cable Conector 20 Cm,,,
EL000006,Modulo Reloj,,,
EL000005,Modulo de 1 Boton,,,
EL000004,Socket Lector Sd,,,
EL000003,Pantalla Lcd 2004,,,
EL000001,Arduino Mega 2560,6,,
EK119CAH,Ciencia en Tu Casa - Clone At Home,,,
EK118ADN,Ciencia en Tu Casa - Frutadn,10,,
EK117QKA,Ciencia en Tu Casa - Kit Quimikadabra,10,,
EK116GOM,Ciencia en Tu Casa - Kit Gomiperlas,10,,
EK115VIT,Ciencia en Tu Casa - Kit Vitc,10,,
EK062KS0,Laboratorio portatil Subscribscience + 23 Experiencias científicas,,,
EK049LPB,Laboratorio Portatil Experimenta 2do Ciclo Basico - Plan Simple,Ex Física,,
EK046LPB,Laboratorio Portatil Experimenta 1er Ciclo Basico - Plan Simple,Ex Física,,
EK039LPS,Laboratorio Portatil para Kits SuscribScience®,,,
EK0216VF,Juego La  Voz del Futuro,10,,
EK014CCO,Kit Escolar - Extraccion de Cobre,,,
EK007CQA,Kit Escolar -Quimica de Los Alimentos,,,
EK005AST,Kit Astronomia - Transparente,,,
EK003CAN,Kit EXPERIMENTO - Extraccion de ADN para 40 estudiantes,,,
EK001CMI,Kit Escolar - Mitosis,,,
EE000268,Microscopio Digital Usb 500x,,,
EE000261,Medidor de pH 0-14 y solidos disueltos 0-9990ppm,23,,
EE000260,PHmetro basico 0-14,23,,
EE000254,Microscopio Trinocular 1000x Advance Objetivos PLAN de Alta Resolución,Ex 14,2B,
EE000253,Electrodo de pH modelo E201C (repuesto),,,
EE000252,pHmetro de sobremesa / Medidor de pH y ORP (BIOBASE PHS-3C),41,,
EE000251,pHmetro de sobremesa / Medidor de pH y ORP con almacenamiento de datos - BIOBASE,,,
EE000249,Bomba Peristáltica de Dosificacion Variable (0.0002 - 380 mL/min) - BIOBASE,,,
EE000248,Baño termoregulado 10 litros 4 posiciones - BIOBASE BK-S4,Ex 11,,
EE000247,Espectrofotómetro Visible de Haz Simple (325-1020 nm) - BIOBASE,,,
EE000243,"Balanza semianalítica - 300 x1 mg (0,001g)- Biobase",Ex 11,,
EE000240,"Balanza 5000gr * 0,1g B",Ex 21,39,
EE000239,"Balanza 600gr * 0,01g C",Ex 21,39,
EE000238,Válvula Biobase-DN7.0,,,
EE000236,Bomba de vacío - 20 litros/min- BIOBASE,,,
EE000233,Balanza analítica 200 X 0.1 mg BIOBASE BA2204B,Ex 11,35,
EE000231,"R-2024 Rotador de velocidad variable Roto-Mini™ Plus con soportes para tubos, 230 V- Benchmark",,,
EE000211,Microscopio con LCD Digital,Ex 14,2B,
EE000206,Balanza de laboratorio de precisión BIOBASE - 1200 x 0.01 gramos,,,
EE000205,Balanza Mecánica de Precisión 2 platillos 2Kgr,,,
EE000197B,Microscopio Binocular 1000x profesional y 4 Objetivos - Alim Dual Corriente alterna y bateria,2B,,
EE000197,Microscopio Binocular 1000x profesional y 4 Objetivos - Alim Dual Corriente alterna y bateria,,,
EE000157,Telescopio Refractor 70-79100,,,
EE000156,Telescopio Refractor F-90070EQI-A,,,
EE000155,Telescopio F 50/600-M,,,
EE000152,Amperimetro - 0 a 10 Amp - Corriente Alterna,,,
EE000134,Autoclave Electrico - 18 Litros- BIOBASE BKM-P18III,Ex 11,,
EE000133,Manto Calefactor 500 Ml,,,
EE000132,Manto Calefactor 250 Ml,40,,
EE000104,Conjunto Basico de Sensores de Fisica,,,
EE000099,"Lente de Barlow 0,5x",,,
EE000097B,Microscopio Binocular 1000x profesional y 4 Objetivos - Corriente alterna,,,
EE000097,Microscopio Binocular 1000x Semiprofesional con Platina Mecánica y 4 Objetivos,Ex 14,2B,
EE000096,Adaptador para Camara de Microscopio - 30 Mm - Estereoscopio,17,,
EE000090,Balanza de Laboratorio - 5000 gramos x 0.1 gramos,Ex 11,39,
EE000089,Lupa Digital 2.0 MP con Software,,,
EE000087,Balanza Escolar de Precision 50 G - 0.001 G,Ex 21,39,
EE000077,"Estroboscopio Led 1 Hz a 500 Hz X 0,1hz",,,
EE000075B,Microscopio Trinocular 1000x con Objetivos Plan,2B,,
EE000075,Microscopio Trinocular 1000x con Objetivos Plan,Ex 14,2B,
EE000073,Conductimetro 0 a 10.00 Ms/cm,,,
EE000069,Lupa Estereoscopica Trinocular Zoom 7 - 45x,Ex 14,2B,
EE000068,pHmetro portatil + soluciones de calibracion,23,,
EE000067B,"Microscopio Monocular 1000x con Platina Mecanica y 4 Objetivos (4x, 10x, 40x ",,,
EE000067,"Microscopio Monocular 1000x con Platina Mecanica y 4 Objetivos (4x, 10x, 40x y 100x(oil))",,,
EE000065B,Microscopio Binocular 1000x Objetivos Plan y Correccion Al Infinito,2B,,
EE000065,Microscopio Binocular 1000x Objetivos Plan y Correccion Al Infinito,,,
EE000064,Reticulo o Portaobjeto de Calibracion - 0.01 Mm,,,
EE000061B,Lupa Estereoscopica Zoom Continuo 7 - 45x,,,
EE000061,Lupa Estereoscopica Zoom Continuo 7 - 45x,Ex 14,2B,
EE000047,Adaptador para Camara de Microscopio - 30.5 Mm - Estereoscopio,17,,
EE000046,Adaptador para Camara de Microscopio - C - Mount o Trinocular,17,,
EE000045B,"Microscopio Trinocular 1000x con 4 Objetivos [4x, 10x, 40x, 100x(oil)] y Platina Mecanica",,,
EE000045,"Microscopio Trinocular 1000x con 4 Objetivos [4x, 10x, 40x, 100x(oil)] y Platina Mecanica",,,
EE000044,Camara Usb para Microscopio y Estereoscopio - 5.1 Mp,17,24,
EE000043,Camara USB para Microscopio y Estereoscopio - 12 Mp,24,,
EE000034,pH-metro 3 en 1 para suelos,23,,
EE000032,Balanza Digital 7000gr X 1 G,,,
EE000031,Balanza Digital 10000gr X 1 G,39,,
EE000027,Multimetro Digital,6,23,
EE000023NA,Agitador Magnetico con Placa Calefactora de 120 X 120 Mm,,,
EE000023,Agitador Magnetico con Placa Calefactora de 120 X 120 Mm,Ex 11,39,
EE000021,"Balanza 3000 G X 0,1 G",Ex 21,39,
EE000020,"Balanza 300 G X 0,01 G",Ex 21,39,
EE000019B,Lupa Estereoscopica 20x y 40x,,,
EE000019,Lupa Estereoscopica 20x y 40x,Ex 14,2B,
EE000015B,Lupa Estereoscopica 20 X,,,
EE000015AM,Lupa Estereoscopica 20 X,,,
EE000015,Lupa Estereoscopica 20 X,Ex 1,20,
EE000013B,"Microscopio Monocular 400x con Platina Mecanica y 3 Objetivos (4x, 10x y 40x)",,,
EE000013,"Microscopio Monocular 400x con Platina Mecanica y 3 Objetivos (4x, 10x y 40x)",Ex 14,2B,
EE000010,"Balanza Portatil 500 G X 0,1 G",Ex 21,39,
EE000009,"Balanza digital 500 x 0,01 g",Ex 21,39,
EE000008,Objetivo 40x para Microscopio Binocular 1000x Semiprofesional,,,
EE000006,Sellador de Temperatura Variable (VTS),,,
EE000004,Microscopio Digital de Medicion,17,,
EE000002,"pHmetro 3 en 1: pH, temperatura y solidos disueltos - Pack dual",23,,
EE000001,Manto calefactor de 1000ml,40,,
DTM100NF,Tórula nasofaríngea - Pack 100 unidades,Ex 7,42,
DTM050GN,Hisopo de recolección de muestra biológica - Pack 50 unidades,,,
DM0022PA,(D5001-1-50) CT Conversion Reagent (5 tubes),,,
COMBO001,Set de 5 espátulas micro y macro + navecillas para pesar,15,,
BMS1X500,DNA/RNA Shield 1x - 500 mL,,,